fecha,nav_ajustado
2021-10-04,9885.207114088162
2021-10-05,9886.695286660102
2021-10-06,9888.182569708692
2021-10-07,9889.588016608674
2021-10-08,9890.993463508654
2021-10-09,9892.398910408634
2021-10-10,9893.804159636758
2021-10-11,9895.209408864885
2021-10-12,9896.614460421151
2021-10-13,9897.93678630546
2021-10-14,9899.251897167003
2021-10-15,9900.580647386649
2021-10-16,9901.899909357178
2021-10-17,9903.218973655852
2021-10-18,9904.529636900625
2021-10-19,9905.848503527443
2021-10-20,9907.159660951855
2021-10-21,9908.495329686479
2021-10-22,9909.842957568422
2021-10-23,9911.190486614438
2021-10-24,9912.537817988597
2021-10-25,9913.856289271702
2021-10-26,9915.169324578752
2021-10-27,9916.510626961286
2021-10-28,9917.85311537496
2021-10-29,9919.198371194627
2021-10-30,9920.543132834651
2021-10-31,9921.887696802818
2021-11-01,9923.293341374656
2021-11-02,9924.748502746555
2021-11-03,9926.19941417354
2021-11-04,9927.680668230503
2021-11-05,9929.11042876884
2021-11-06,9930.565688976667
2021-11-07,9932.020850348568
2021-11-08,9933.50852874087
2021-11-09,9934.996207133168
2021-11-10,9936.486455259606
2021-11-11,9937.975813862686
2021-11-12,9939.465172465767
2021-11-13,9940.954234561064
2021-11-14,9942.443197820432
2021-11-15,9943.92079494805
2021-11-16,9945.409659371491
2021-11-17,9946.898424959001
2021-11-18,9948.387585890227
2021-11-19,9949.895130304109
2021-11-20,9951.398523609005
2021-11-21,9952.901719242043
2021-11-22,9954.404816039154
2021-11-23,9955.908308179978
2021-11-24,9957.411503813017
2021-11-25,9958.920135422111
2021-11-26,9960.427383328208
2021-11-27,9961.93443356245
2021-11-28,9963.441384960764
2021-11-29,9964.94813868722
2021-11-30,9966.454793577748
2021-12-01,9967.963622858697
2021-12-02,9969.480754357623
2021-12-03,9971.040286469775
2021-12-04,9972.599126730429
2021-12-05,9974.157769319227
2021-12-06,9975.668674154671
2021-12-07,9977.179381318258
2021-12-08,9978.68979197406
2021-12-09,9980.20435373885
2021-12-10,9981.717037621003
2021-12-11,9983.229622667226
2021-12-12,9984.742108877523
2021-12-13,9986.18264253204
2021-12-14,9987.499828948079
2021-12-15,9989.020419704491
2021-12-16,9990.653485747274
2021-12-17,9992.164489418647
2021-12-18,9993.675295418165
2021-12-19,9995.18610141768
2021-12-20,9996.696808581268
2021-12-21,9998.207515744853
2021-12-22,9999.718222908441
2021-12-23,10001.23466255587
2021-12-24,10002.746753422452
2021-12-25,10004.258844289034
2021-12-26,10005.770836319689
2021-12-27,10007.282828350344
2021-12-28,10008.334541463051
2021-12-29,10009.847818360775
2021-12-30,10011.206219358899
2021-12-31,10012.670177128415
2022-01-01,10014.204506078859
2022-01-02,10015.738835029302
2022-01-03,10017.325942365442
2022-01-04,10018.913049701581
2022-01-05,10020.500058201793
2022-01-06,10022.087066702003
2022-01-07,10023.68158673276
2022-01-08,10025.270769623396
2022-01-09,10026.859952514027
2022-01-10,10028.448344717235
2022-01-11,10030.03673692044
2022-01-12,10031.345621118504
2022-01-13,10032.931937767216
2022-01-14,10034.518254415929
2022-01-15,10036.104472228713
2022-01-16,10037.690690041498
2022-01-17,10039.267617277024
2022-01-18,10040.85432926945
2022-01-19,10042.44716908943
2022-01-20,10044.034177589641
2022-01-21,10045.621186089851
2022-01-22,10047.20829342599
2022-01-23,10048.7953019262
2022-01-24,10049.920845477325
2022-01-25,10051.508446993106
2022-01-26,10053.09762988374
2022-01-27,10054.685527907304
2022-01-28,10056.275797993147
2022-01-29,10057.864486704138
2022-01-30,10059.45317541513
2022-01-31,10061.041765290192
2022-02-01,10062.618989033506
2022-02-02,10064.19611394089
2022-02-03,10065.7733376842
2022-02-04,10067.350462591585
2022-02-05,10068.927587498969
2022-02-06,10070.504613570425
2022-02-07,10072.08173847781
2022-02-08,10073.420174618423
2022-02-09,10075.007874970133
2022-02-10,10076.686504375848
2022-02-11,10078.365232617492
2022-02-12,10080.044059695065
2022-02-13,10081.722689100781
2022-02-14,10083.401417342424
2022-02-15,10085.080145584068
2022-02-16,10086.758774989787
2022-02-17,10088.437404395501
2022-02-18,10090.060982189172
2022-02-19,10091.739117415245
2022-02-20,10093.417153805392
2022-02-21,10095.095289031467
2022-02-22,10096.341115907295
2022-02-23,10098.01915229744
2022-02-24,10099.697089851657
2022-02-25,10101.375126241805
2022-02-26,10103.053063796022
2022-02-27,10104.731001350241
2022-02-28,10106.40884006853
2022-03-01,10108.088161325744
2022-03-02,10109.76738374703
2022-03-03,10111.446606168314
2022-03-04,10113.12592742553
2022-03-05,10114.805051010886
2022-03-06,10116.484174596244
2022-03-07,10118.1632981816
2022-03-08,10119.82235807352
2022-03-09,10121.501481658875
2022-03-10,10123.182779634655
2022-03-11,10125.090609558027
2022-03-12,10127.101723026439
2022-03-13,10129.113034166707
2022-03-14,10131.124246471047
2022-03-15,10133.135458775387
2022-03-16,10135.148746634222
2022-03-17,10137.15669735293
2022-03-18,10139.156840033304
2022-03-19,10141.1766510634
2022-03-20,10143.186776172532
2022-03-21,10145.196703609803
2022-03-22,10146.769973915985
2022-03-23,10148.779901353259
2022-03-24,10150.706608938928
2022-03-25,10152.717524735484
2022-03-26,10154.74840538955
2022-03-27,10156.779286043615
2022-03-28,10158.770335818588
2022-03-29,10160.781152779215
2022-03-30,10162.792167411699
2022-03-31,10164.802984372325
2022-04-01,10166.813504825168
2022-04-02,10168.823926442083
2022-04-03,10170.834446894925
2022-04-04,10172.819566514201
2022-04-05,10174.80854073468
2022-04-06,10176.797416119232
2022-04-07,10178.678362670114
2022-04-08,10180.667238054666
2022-04-09,10182.656014603288
2022-04-10,10184.639750519571
2022-04-11,10186.625463154416
2022-04-12,10188.611076953335
2022-04-13,10190.596591916326
2022-04-14,10189.53736727307
2022-04-15,10191.52278340013
2022-04-16,10193.508199527194
2022-04-17,10195.493615654257
2022-04-18,10197.47893294539
2022-04-19,10199.464151400594
2022-04-20,10199.927098888606
2022-04-21,10201.742714890903
2022-04-22,10203.72783451018
2022-04-23,10205.713052965384
2022-04-24,10207.698073748734
2022-04-25,10209.682402680586
2022-04-26,10211.211690998687
2022-04-27,10213.197897813176
2022-04-28,10215.184104627662
2022-04-29,10217.17031144215
2022-04-30,10219.156419420711
2022-05-01,10221.143021578911
2022-05-02,10223.021497231588
2022-05-03,10225.00800055386
2022-05-04,10226.994306204277
2022-05-05,10228.98080952655
2022-05-06,10230.967115176965
2022-05-07,10232.953420827384
2022-05-08,10234.939825313728
2022-05-09,10236.925933292287
2022-05-10,10238.913523809772
2022-05-11,10240.886091266157
2022-05-12,10242.86014126147
2022-05-13,10244.83419125678
2022-05-14,10246.808142416165
2022-05-15,10248.782192411474
2022-05-16,10250.75604473493
2022-05-17,10252.729897058385
2022-05-18,10254.703749381837
2022-05-19,10256.067882863803
2022-05-20,10258.041636351329
2022-05-21,10260.015488674784
2022-05-22,10261.98924216231
2022-05-23,10263.841526293994
2022-05-24,10265.815180945592
2022-05-25,10267.78883559719
2022-05-26,10269.762490248788
2022-05-27,10271.736046064458
2022-05-28,10273.709700716056
2022-05-29,10275.683157695797
2022-05-30,10277.65661467554
2022-05-31,10279.63017049121
2022-06-01,10281.60313329131
2022-06-02,10283.576194927336
2022-06-03,10285.528599854359
2022-06-04,10287.481004781377
2022-06-05,10289.4334097084
2022-06-06,10291.38571579949
2022-06-07,10293.337923054654
2022-06-08,10295.290229145745
2022-06-09,10297.077874580342
2022-06-10,10299.030576015148
2022-06-11,10300.983079778096
2022-06-12,10302.935484705116
2022-06-13,10304.888087303993
2022-06-14,10306.840393395085
2022-06-15,10308.76680447297
2022-06-16,10310.719110564061
2022-06-17,10311.799189588182
2022-06-18,10313.751495679275
2022-06-19,10315.703702934437
2022-06-20,10317.677258750107
2022-06-21,10319.650913401707
2022-06-22,10321.594324259255
2022-06-23,10322.735286215187
2022-06-24,10323.73639533262
2022-06-25,10325.675655081182
2022-06-26,10327.614914829743
2022-06-27,10329.554075742375
2022-06-28,10333.164354530174
2022-06-29,10336.012509475095
2022-06-30,10338.902867361385
2022-07-01,10341.983286737735
2022-07-02,10345.087723244656
2022-07-03,10348.1936422905
2022-07-04,10351.356293159171
2022-07-05,10354.49097346014
2022-07-06,10357.601241286831
2022-07-07,10359.84481685853
2022-07-08,10363.206622122661
2022-07-09,10366.400208636882
2022-07-10,10369.584702245698
2022-07-11,10373.272567237189
2022-07-12,10376.240906670884
2022-07-13,10379.456039417466
2022-07-14,10382.624916949619
2022-07-15,10386.296671684799
2022-07-16,10389.50903702539
2022-07-17,10392.722193053405
2022-07-18,10396.538050572004
2022-07-19,10399.846484434873
2022-07-20,10402.71183683131
2022-07-21,10406.015921913333
2022-07-22,10409.35005311755
2022-07-23,10412.626068795946
2022-07-24,10415.903567013263
2022-07-25,10418.965998250671
2022-07-26,10422.495626921003
2022-07-27,10425.428385420519
2022-07-28,10429.066239432306
2022-07-29,10432.808266512488
2022-07-30,10436.465097022503
2022-07-31,10440.123904251084
2022-08-01,10444.13338135316
2022-08-02,10447.717567455897
2022-08-03,10451.380031613822
2022-08-04,10454.91391022907
2022-08-05,10458.453224820372
2022-08-06,10461.977714022436
2022-08-07,10465.50378459935
2022-08-08,10470.500830296689
2022-08-09,10474.000907024469
2022-08-10,10477.626703053007
2022-08-11,10481.266237275573
2022-08-12,10485.101170128328
2022-08-13,10488.615775737564
2022-08-14,10492.145700915682
2022-08-15,10495.677405140508
2022-08-16,10499.568674472375
2022-08-17,10503.50402462825
2022-08-18,10507.13436710949
2022-08-19,10509.807285953588
2022-08-20,10513.271682911263
2022-08-21,10516.73706822822
2022-08-22,10520.923066298186
2022-08-23,10524.67171538556
2022-08-24,10528.519694580847
2022-08-25,10532.299971165268
2022-08-26,10536.155857234817
2022-08-27,10539.763170944769
2022-08-28,10543.372461373285
2022-08-29,10547.517047189305
2022-08-30,10551.736056459313
2022-08-31,10555.746818428457
2022-09-01,10559.886857791776
2022-09-02,10563.910468431597
2022-09-03,10567.480323324735
2022-09-04,10571.049387530446
2022-09-05,10575.419912278488
2022-09-06,10579.1288293227
2022-09-07,10583.051627315686
2022-09-08,10586.873414989981
2022-09-09,10590.663179823518
2022-09-10,10594.350155291653
2022-09-11,10598.037723775358
2022-09-12,10601.538591190565
2022-09-13,10606.137130425122
2022-09-14,10610.33617483762
2022-09-15,10614.517033439315
2022-09-16,10618.39644245979
2022-09-17,10622.252921544907
2022-09-18,10626.110388989307
2022-09-19,10629.970623839698
2022-09-20,10634.168383385128
2022-09-21,10638.22668543577
2022-09-22,10642.303173297212
2022-09-23,10646.503502576776
2022-09-24,10650.502107726745
2022-09-25,10654.50081171264
2022-09-26,10658.767756407857
2022-09-27,10661.6076091348
2022-09-28,10665.314747132306
2022-09-29,10669.092948162233
2022-09-30,10672.705500176382
2022-10-01,10676.319633565385
2022-10-02,10679.934854149598
2022-10-03,10683.553929335014
2022-10-04,10687.246538451061
2022-10-05,10690.865218292765
2022-10-06,10694.487456227884
2022-10-07,10698.110386014503
2022-10-08,10701.734897175973
2022-10-09,10705.358617650018
2022-10-10,10708.985006694124
2022-10-11,10712.615349175363
2022-10-12,10716.305882736917
2022-10-13,10720.025572897312
2022-10-14,10723.680130180974
2022-10-15,10727.312152872992
2022-10-16,10730.94714064286
2022-10-17,10734.784939737534
2022-10-18,10738.24864484371
2022-10-19,10741.90745207229
2022-10-20,10745.553410630197
2022-10-21,10749.195909930611
2022-10-22,10752.84157198073
2022-10-23,10756.49069328834
2022-10-24,10760.02733930958
2022-10-25,10763.681600085458
2022-10-26,10767.33576202541
2022-10-27,10770.989528621647
2022-10-28,10774.648039342443
2022-10-29,10778.308625617732
2022-10-30,10781.967136338526
2022-10-31,10785.628216793457
2022-11-01,10789.291175131024
2022-11-02,10792.950377703317
2022-11-03,10795.91476369988
2022-11-04,10799.581477802722
2022-11-05,10803.243744288791
2022-11-06,10806.911347914986
2022-11-07,10810.572626041772
2022-11-08,10814.242502894316
2022-11-09,10817.912873926505
2022-11-10,10821.588582098817
2022-11-11,10825.261325193283
2022-11-12,10828.936539185956
2022-11-13,10832.61679381097
2022-11-14,10836.296554256342
2022-11-15,10839.828950332667
2022-11-16,10843.512960722954
2022-11-17,10847.193215347968
2022-11-18,10850.879004784965
2022-11-19,10854.565881417173
2022-11-20,10858.252659213453
2022-11-21,10861.782386719713
2022-11-22,10865.48468175673
2022-11-23,10869.183517536261
2022-11-24,10872.88976601041
2022-11-25,10876.599671413904
2022-11-26,10880.309675653327
2022-11-27,10884.0219531191
2022-11-28,10886.890171757457
2022-11-29,10890.487008859012
2022-11-30,10894.199681668499
2022-12-01,10897.912453313915
2022-12-02,10901.627102841965
2022-12-03,10905.341455862232
2022-12-04,10909.05857628849
2022-12-05,10912.780243167448
2022-12-06,10916.50062517934
2022-12-07,10920.223972269077
2022-12-08,10923.947121686962
2022-12-09,10927.672840838979
2022-12-10,10931.399449514349
2022-12-11,10935.126651205293
2022-12-12,10938.858992364505
2022-12-13,10942.587281250657
2022-12-14,10946.210804052844
2022-12-15,10949.289938562128
2022-12-16,10952.779044501869
2022-12-17,10956.514153067073
2022-12-18,10960.251436022698
2022-12-19,10963.780076333747
2022-12-20,10967.517952304943
2022-12-21,10971.257607322845
2022-12-22,10974.864031509444
2022-12-23,10978.609517847115
2022-12-24,10982.353916989576
2022-12-25,10986.098414967964
2022-12-26,10989.850325640971
2022-12-27,10993.598777056492
2022-12-28,10997.180689932879
2022-12-29,11000.765370215257
2022-12-30,11004.520245966112
2022-12-31,11008.275418224755
2023-01-01,11012.031974186391
2023-01-02,11015.790012686954
2023-01-03,11019.54953372644
2023-01-04,11023.31152566413
2023-01-05,11027.073912945536
2023-01-06,11030.838672289221
2023-01-07,11034.605013007756
2023-01-08,11038.371946741861
2023-01-09,11042.138485132255
2023-01-10,11045.390879023793
2023-01-11,11049.16403942138
2023-01-12,11052.947281083649
2023-01-13,11056.726766980646
2023-01-14,11060.508526103991
2023-01-15,11064.293349141113
2023-01-16,11068.079457045304
2023-01-17,11071.862698707573
2023-01-18,11075.650486822544
2023-01-19,11079.740218698375
2023-01-20,11084.253759034624
2023-01-21,11088.171516395265
2023-01-22,11092.092139997829
2023-01-23,11096.407020118257
2023-01-24,11099.624722598974
2023-01-25,11103.586066603984
2023-01-26,11107.662554465427
2023-01-27,11111.297443399366
2023-01-28,11115.192962676148
2023-01-29,11119.091348194852
2023-01-30,11124.171020728223
2023-01-31,11128.23871219205
2023-02-01,11131.477466725488
2023-02-02,11135.515408574905
2023-02-03,11140.020547857252
2023-02-04,11143.95224108378
2023-02-05,11147.886899388157
2023-02-06,11151.811377591923
2023-02-07,11155.575840427822
2023-02-08,11159.670810607853
2023-02-09,11163.620195465543
2023-02-10,11167.562760644181
2023-02-11,11171.505128150962
2023-02-12,11175.450954915235
2023-02-13,11180.171556521205
2023-02-14,11184.205643769423
2023-02-15,11188.109168756395
2023-02-16,11192.125762045309
2023-02-17,11195.888445834496
2023-02-18,11199.707169595016
2023-02-19,11203.529253777097
2023-02-20,11208.018480474988
2023-02-21,11211.696758381438
2023-02-22,11216.381680217302
2023-02-23,11220.256542785077
2023-02-24,11224.223520438001
2023-02-25,11228.153039274106
2023-02-26,11232.085424352135
2023-02-27,11236.589575275197
2023-02-28,11240.578494504194
2023-03-01,11244.61376778355
2023-03-02,11248.657936296448
2023-03-03,11252.899183650316
2023-03-04,11256.748546548597
2023-03-05,11260.601072196583
2023-03-06,11264.941353150576
2023-03-07,11268.810779742298
2023-03-08,11272.798512940153
2023-03-09,11276.77616487333
2023-03-10,11280.613766296146
2023-03-11,11284.51501805677
2023-03-12,11288.418839551528
2023-03-13,11292.736981257587
2023-03-14,11296.612239169077
2023-03-15,11300.61440241246
2023-03-16,11305.032763749785
2023-03-17,11309.116861977705
2023-03-18,11313.04835753238
2023-03-19,11316.983015836757
2023-03-20,11321.030248263432
2023-03-21,11325.054056575109
2023-03-22,11329.029336446005
2023-03-23,11333.07806739726
2023-03-24,11337.15797702448
2023-03-25,11341.216301414495
2023-03-26,11345.277723685775
2023-03-27,11349.738472845396
2023-03-28,11354.128770189134
2023-03-29,11358.553843748372
2023-03-30,11362.191256012835
2023-03-31,11366.541380831768
2023-04-01,11370.961657671625
2023-04-02,11375.38423293952
2023-04-03,11379.72926124411
2023-04-04,11384.053503764726
2023-04-05,11388.456192633526
2023-04-06,11392.800421484888
2023-04-07,11397.178327303562
2023-04-08,11401.558931276884
2023-04-09,11405.94173374659
2023-04-10,11410.386593773268
2023-04-11,11414.82915537191
2023-04-12,11419.23584150686
2023-04-13,11423.664812400593
2023-04-14,11428.092983841096
2023-04-15,11432.480283235222
2023-04-16,11436.874677776761
2023-04-17,11441.274768422563
2023-04-18,11445.699542186838
2023-04-19,11449.315669009055
2023-04-20,11453.727251795037
2023-04-21,11458.079275315393
2023-04-22,11462.464176349828
2023-04-23,11466.849377179222
2023-04-24,11471.282844997373
2023-04-25,11475.645261409716
2023-04-26,11479.996885203456
2023-04-27,11484.451938258815
2023-04-28,11488.833741411983
2023-04-29,11493.2929915968
2023-04-30,11497.75344096146
2023-05-01,11502.216688412427
2023-05-02,11506.699422535872
2023-05-03,11511.156973882575
2023-05-04,11515.631313747106
2023-05-05,11520.14472688825
2023-05-06,11524.635055817378
2023-05-07,11529.126683858007
2023-05-08,11533.646692488297
2023-05-09,11538.152710687064
2023-05-10,11542.672019795777
2023-05-11,11547.229902522835
2023-05-12,11551.780690102476
2023-05-13,11556.314889027597
2023-05-14,11560.84968754264
2023-05-15,11565.41456548546
2023-05-16,11569.99173502169
2023-05-17,11569.754197480752
2023-05-18,11578.960301149846
2023-05-19,11583.704656342781
2023-05-20,11588.351378310013
2023-05-21,11592.999199525435
2023-05-22,11597.566775622905
2023-05-23,11602.016632232271
2023-05-24,11606.490272575225
2023-05-25,11610.80572111031
2023-05-26,11615.270567467736
2023-05-27,11619.747405623611
2023-05-28,11624.223943984525
2023-05-29,11628.716371478382
2023-05-30,11631.711023345993
2023-05-31,11636.195456307552
2023-06-01,11640.70527190916
2023-06-02,11645.175814370848
2023-06-03,11649.685829835766
2023-06-04,11654.196944548874
2023-06-05,11658.670784755135
2023-06-06,11663.19329167677
2023-06-07,11667.620663664044
2023-06-08,11672.144169902213
2023-06-09,11676.592127810158
2023-06-10,11680.96683581591
2023-06-11,11685.341843616625
2023-06-12,11690.328333206571
2023-06-13,11694.7612014348
2023-06-14,11699.206561119747
2023-06-15,11703.668309595907
2023-06-16,11708.275958286526
2023-06-17,11712.790170880899
2023-06-18,11717.306581971654
2023-06-19,11721.82489176383
2023-06-20,11726.34410094089
2023-06-21,11730.907479908903
2023-06-22,11735.479952657406
2023-06-23,11740.022146114827
2023-06-24,11744.507078734656
2023-06-25,11748.991711559522
2023-06-26,11753.46894944201
2023-06-27,11758.091887675651
2023-06-28,11761.612579768547
2023-06-29,11765.897649080896
2023-06-30,11770.36669256778
2023-07-01,11774.874809331273
2023-07-02,11779.37842917035
2023-07-03,11783.929916271569
2023-07-04,11788.559449994356
2023-07-05,11793.149710577225
2023-07-06,11797.77804512017
2023-07-07,11802.553578989073
2023-07-08,11807.147736906436
2023-07-09,11811.744892773413
2023-07-10,11816.377124650851
2023-07-11,11821.027244294311
2023-07-12,11825.997145229738
2023-07-13,11830.515055295298
2023-07-14,11834.27778185355
2023-07-15,11838.858049271046
2023-07-16,11843.436417987119
2023-07-17,11848.072047540787
2023-07-18,11852.801213122353
2023-07-19,11857.390674251992
2023-07-20,11861.112328900557
2023-07-21,11865.90445142398
2023-07-22,11870.01743842859
2023-07-23,11874.484683145705
2023-07-24,11879.091932109708
2023-07-25,11883.622433563642
2023-07-26,11887.895810872502
2023-07-27,11892.461987926821
2023-07-28,11897.080928894313
2023-07-29,11901.639711006253
2023-07-30,11906.20179086277
2023-07-31,11910.560609735576
2023-08-01,11914.940714050632
2023-08-02,11919.845859274434
2023-08-03,11924.137723939237
2023-08-04,11927.666310632778
2023-08-05,11932.032324584654
2023-08-06,11936.401036691184
2023-08-07,11940.655926644102
2023-08-08,11944.878638604518
2023-08-09,11949.094255417518
2023-08-10,11953.167469623937
2023-08-11,11957.425157663161
2023-08-12,11961.626584181331
2023-08-13,11965.830209195881
2023-08-14,11970.106484522701
2023-08-15,11974.33359347588
2023-08-16,11978.591281515104
2023-08-17,11982.80969641441
2023-08-18,11986.999730724052
2023-08-19,11991.184468656045
2023-08-20,11995.37220453765
2023-08-21,11999.56103966745
2023-08-22,12003.927353414287
2023-08-23,12008.123383623155
2023-08-24,12012.36858020566
2023-08-25,12016.58819428481
2023-08-26,12020.80171253308
2023-08-27,12025.017429277736
2023-08-28,12029.236943425229
2023-08-29,12033.462853198565
2023-08-30,12037.70774998611
2023-08-31,12041.950548208928
2023-09-01,12046.217130165334
2023-09-02,12050.449835291123
2023-09-03,12054.684439118333
2023-09-04,12058.870676025133
2023-09-05,12063.144552992262
2023-09-06,12067.380455930972
2023-09-07,12071.04714816998
2023-09-08,12075.177923008954
2023-09-09,12079.28631315749
2023-09-10,12083.395402827606
2023-09-11,12087.800889782711
2023-09-12,12092.18778945022
2023-09-13,12096.622756243178
2023-09-14,12100.891736559273
2023-09-15,12105.31631046024
2023-09-16,12109.706607803977
2023-09-17,12114.0738209357
2023-09-18,12118.45112716445
2023-09-19,12122.831531274467
2023-09-20,12127.316563825949
2023-09-21,12131.716954266712
2023-09-22,12136.14122837272
2023-09-23,12140.536722162451
2023-09-24,12144.933614995334
2023-09-25,12149.37657632059
2023-09-26,12153.78995787634
2023-09-27,12157.855277482116
2023-09-28,12161.886220599006
2023-09-29,12166.5306441382
2023-09-30,12171.158778817837
2023-10-01,12175.794508303157
2023-10-02,12180.243265664332
2023-10-03,12184.75577942059
2023-10-04,12189.221425231248
2023-10-05,12193.720448214252
2023-10-06,12198.257345294023
2023-10-07,12202.716495547185
2023-10-08,12207.17754450177
2023-10-09,12211.641291611006
2023-10-10,12216.151906665844
2023-10-11,12220.68730477081
2023-10-12,12225.266472940111
2023-10-13,12229.796174940815
2023-10-14,12234.308588765422
2023-10-15,12238.823201086409
2023-10-16,12243.32821996864
2023-10-17,12247.179585903757
2023-10-18,12251.617550646328
2023-10-19,12256.476927172718
2023-10-20,12260.784980765426
2023-10-21,12265.06945048785
2023-10-22,12269.356318569968
2023-10-23,12273.659475511642
2023-10-24,12277.958835050476
2023-10-25,12282.265589531688
2023-10-26,12286.304826975836
2023-10-27,12290.600089316866
2023-10-28,12294.897650085932
2023-10-29,12299.199108189494
2023-10-30,12301.191845296711
2023-10-31,12305.304032848091
2023-11-01,12309.421516777118
2023-11-02,12313.717978297993
2023-11-03,12318.0206355814
2023-11-04,12322.325591292842
2023-11-05,12326.632745500669
2023-11-06,12330.950192668828
2023-11-07,12334.865414930688
2023-11-08,12339.54021769262
2023-11-09,12343.878750439719
2023-11-10,12348.195298222996
2023-11-11,12352.565609235984
2023-11-12,12356.939417856853
2023-11-13,12361.270755524883
2023-11-14,12365.613385469784
2023-11-15,12369.945722454353
2023-11-16,12374.239885547191
2023-11-17,12378.602801617802
2023-11-18,12382.918649879502
2023-11-19,12387.236696637585
2023-11-20,12391.48559069128
2023-11-21,12395.735384129859
2023-11-22,12399.953099507587
2023-11-23,12404.2077895972
2023-11-24,12408.506649477764
2023-11-25,12412.757642096187
2023-11-26,12417.01213232249
2023-11-27,12421.28760819608
2023-11-28,12425.627539986332
2023-11-29,12429.659582351413
2023-11-30,12433.92376594813
2023-12-01,12438.223425281923
2023-12-02,12442.500300198666
2023-12-03,12446.779273680137
2023-12-04,12451.065642103984
2023-12-05,12455.340618319306
2023-12-06,12459.635980591987
2023-12-07,12463.92914436829
2023-12-08,12468.21481327056
2023-12-09,12472.502780600867
2023-12-10,12476.793945744093
2023-12-11,12481.094204667812
2023-12-12,12485.396062497988
2023-12-13,12489.367046622634
2023-12-14,12493.74025565358
2023-12-15,12497.917098984928
2023-12-16,12502.07825304664
2023-12-17,12506.24120587812
2023-12-18,12510.435037590603
2023-12-19,12514.613279965104
2023-12-20,12518.803214343094
2023-12-21,12522.962769498345
2023-12-22,12527.127021441323
2023-12-23,12531.30886135536
2023-12-24,12535.492899765777
2023-12-25,12539.677937492732
2023-12-26,12543.862875288032
2023-12-27,12548.055807615634
2023-12-28,12552.182685120113
2023-12-29,12556.271288801208
2023-12-30,12560.390371636697
2023-12-31,12564.51894797929
2024-01-01,12568.646025347076
2024-01-02,12572.72543531603
2024-01-03,12577.286016197739
2024-01-04,12581.370422749378
2024-01-05,12585.432544542233
2024-01-06,12589.483573921523
2024-01-07,12593.531805214508
2024-01-08,12597.922902011476
2024-01-09,12602.043383890115
2024-01-10,12606.135485179093
2024-01-11,12610.225887629957
2024-01-12,12614.32718263108
2024-01-13,12618.411189456105
2024-01-14,12622.497194914204
2024-01-15,12626.643459159508
2024-01-16,12630.649919021229
2024-01-17,12634.756010741732
2024-01-18,12638.86899774634
2024-01-19,12642.97209151723
2024-01-20,12647.065991575975
2024-01-21,12651.165787602291
2024-01-22,12655.110789496963
2024-01-23,12659.04819658595
2024-01-24,12662.990800120937
2024-01-25,12666.931604886151
2024-01-26,12670.877805960668
2024-01-27,12674.800123369945
2024-01-28,12678.727437361906
2024-01-29,12682.66554397247
2024-01-30,12686.615942176446
2024-01-31,12690.5631425675
2024-02-01,12694.477965102744
2024-02-02,12698.406078547934
2024-02-03,12702.319901766643
2024-02-04,12706.235523755115
2024-02-05,12710.194915807928
2024-02-06,12714.114634994205
2024-02-07,12718.050543108386
2024-02-08,12721.981454639883
2024-02-09,12725.906670067116
2024-02-10,12729.835882760497
2024-02-11,12733.758599896388
2024-02-12,12737.65013835631
2024-02-13,12741.580650161191
2024-02-14,12745.50866367473
2024-02-15,12749.445371242142
2024-02-16,12753.38757505051
2024-02-17,12757.322983506423
2024-02-18,12761.260090800452
2024-02-19,12765.20149515559
2024-02-20,12769.13840258631
2024-02-21,12773.087101952171
2024-02-22,12777.03600118134
2024-02-23,12780.973308338675
2024-02-24,12784.91141494924
2024-02-25,12788.85122039792
2024-02-26,12792.80361723497
2024-02-27,12796.743622546956
2024-02-28,12800.561911104687
2024-02-29,12804.3836972703
2024-03-01,12808.246055687328
2024-03-02,12812.098920597256
2024-03-03,12815.954383730177
2024-03-04,12819.829033740618
2024-03-05,12823.694190243954
2024-03-06,12827.563244081784
2024-03-07,12831.290694766267
2024-03-08,12835.086898428523
2024-03-09,12838.862416238453
2024-03-10,12842.639832749805
2024-03-11,12846.427442289838
2024-03-12,12850.220947797441
2024-03-13,12853.967585359442
2024-03-14,12857.666855317571
2024-03-15,12861.3648261642
2024-03-16,12865.136346707981
2024-03-17,12868.908466841685
2024-03-18,12872.571161814543
2024-03-19,12876.242850636241
2024-03-20,12879.90394670264
2024-03-21,12883.556948305084
2024-03-22,12887.245825371225
2024-03-23,12890.908720207392
2024-03-24,12894.571615043558
2024-03-25,12898.246601609828
2024-03-26,12901.9043
2024-03-27,12914.4042
2024-03-28,12909.4317
2024-03-29,12913.1028
2024-03-30,12916.7751
2024-03-31,12920.4464
2024-04-01,12924.1101
2024-04-02,12927.7627
2024-04-03,12931.3406
2024-04-04,12935.007
2024-04-05,12938.4834
2024-04-06,12941.9994
2024-04-07,12945.5169
2024-04-08,12948.9862
2024-04-09,12952.4898
2024-04-10,12955.9538
2024-04-11,12959.427
2024-04-12,12962.8718
2024-04-13,12966.3111
2024-04-14,12969.7516
2024-04-15,12973.1956
2024-04-16,12976.6398
2024-04-17,12980.0814
2024-04-18,12983.5308
2024-04-19,12986.9643
2024-04-20,12990.4036
2024-04-21,12993.8421
2024-04-22,12997.2153
2024-04-23,13000.5923
2024-04-24,13004.0053
2024-04-25,13007.3879
2024-04-26,13010.7832
2024-04-27,13014.1698
2024-04-28,13017.5568
2024-04-29,13020.9422
2024-04-30,13024.3353
2024-05-01,13027.726
2024-05-02,13031.1731
2024-05-03,13034.5676
2024-05-04,13037.9653
2024-05-05,13041.3632
2024-05-06,13044.7106
2024-05-07,13048.0828
2024-05-08,13051.4518
2024-05-09,13054.8143
2024-05-10,13058.1847
2024-05-11,13061.5492
2024-05-12,13064.9136
2024-05-13,13068.2384
2024-05-14,13071.5498
2024-05-15,13074.8948
2024-05-16,13078.2272
2024-05-17,13081.6226
2024-05-18,13084.9238
2024-05-19,13088.2261
2024-05-20,13091.6066
2024-05-21,13094.9194
2024-05-22,13098.1978
2024-05-23,13101.5086
2024-05-24,13104.8071
2024-05-25,13108.1039
2024-05-26,13111.3997
2024-05-27,13114.7131
2024-05-28,13117.9643
2024-05-29,13121.2624
2024-05-30,13124.5583
2024-05-31,13127.8174
2024-06-01,13131.0611
2024-06-02,13134.3033
2024-06-03,13137.5696
2024-06-04,13140.8208
2024-06-05,13144.0737
2024-06-06,13147.3262
2024-06-07,13150.5855
2024-06-08,13153.8445
2024-06-09,13157.1032
2024-06-10,13160.3186
2024-06-11,13163.5356
2024-06-12,13166.7547
2024-06-13,13169.9794
2024-06-14,13173.1951
2024-06-15,13176.4121
2024-06-16,13179.6286
2024-06-17,13182.8379
2024-06-18,13186.0572
2024-06-19,13189.2751
2024-06-20,13192.4939
2024-06-21,13195.6538
2024-06-22,13198.832
2024-06-23,13202.0093
2024-06-24,13205.183
2024-06-25,13208.3573
2024-06-26,13211.5675
2024-06-27,13214.7551
2024-06-28,13217.9542
2024-06-29,13221.1466
2024-06-30,13224.3447
2024-07-01,13227.554
2024-07-02,13230.7542
2024-07-03,13233.8974
2024-07-04,13236.9595
2024-07-05,13240.1083
2024-07-06,13243.1795
2024-07-07,13246.2515
2024-07-08,13249.4204
2024-07-09,13252.4797
2024-07-10,13255.6554
2024-07-11,13258.8173
2024-07-12,13261.9666
2024-07-13,13265.0352
2024-07-14,13268.1051
2024-07-15,13271.2394
2024-07-16,13274.2991
2024-07-17,13277.388
2024-07-18,13280.4547
2024-07-19,13283.5294
2024-07-20,13286.6123
2024-07-21,13289.6951
2024-07-22,13292.7514
2024-07-23,13295.771
2024-07-24,13298.8442
2024-07-25,13301.91
2024-07-26,13304.9721
2024-07-27,13308.0399
2024-07-28,13311.1086
2024-07-29,13314.1801
2024-07-30,13317.2425
2024-07-31,13320.3031
2024-08-01,13323.3814
2024-08-02,13326.405
2024-08-03,13329.2848
2024-08-04,13332.1662
2024-08-05,13335.5123
2024-08-06,13338.3659
2024-08-07,13341.3927
2024-08-08,13344.4154
2024-08-09,13347.4759
2024-08-10,13350.3492
2024-08-11,13353.2237
2024-08-12,13356.5792
2024-08-13,13359.6351
2024-08-14,13362.6544
2024-08-15,13365.4602
2024-08-16,13368.6137
2024-08-17,13371.3988
2024-08-18,13374.185
2024-08-19,13377.5821
2024-08-20,13380.4035
2024-08-21,13383.5478
2024-08-22,13386.5187
2024-08-23,13389.6021
2024-08-24,13392.5155
2024-08-25,13395.4333
2024-08-26,13398.7457
2024-08-27,13401.7711
2024-08-28,13404.8923
2024-08-29,13408.0474
2024-08-30,13411.0572
2024-08-31,13414.0075
2024-09-01,13416.9494
2024-09-02,13420.0467
2024-09-03,13423.1033
2024-09-04,13426.1373
2024-09-05,13429.1565
2024-09-06,13432.3226
2024-09-07,13435.3781
2024-09-08,13438.4345
2024-09-09,13441.8337
2024-09-10,13444.9095
2024-09-11,13447.9329
2024-09-12,13450.9788
2024-09-13,13454.067
2024-09-14,13457.1631
2024-09-15,13460.2598
2024-09-16,13463.648
2024-09-17,13466.7593
2024-09-18,13469.8256
2024-09-19,13472.8931
2024-09-20,13475.9622
2024-09-21,13479.0316
2024-09-22,13482.1022
2024-09-23,13485.3927
2024-09-24,13488.662
2024-09-25,13491.8182
2024-09-26,13495.0002
2024-09-27,13498.255
2024-09-28,13501.49
2024-09-29,13504.7246
2024-09-30,13508.0349
2024-10-01,13511.1362
2024-10-02,13514.3814
2024-10-03,13517.646
2024-10-04,13520.7755
2024-10-05,13523.893
2024-10-06,13527.0115
2024-10-07,13530.0857
2024-10-08,13533.0923
2024-10-09,13536.3535
2024-10-10,13539.4125
2024-10-11,13542.4622
2024-10-12,13545.5529
2024-10-13,13548.6452
2024-10-14,13551.9455
2024-10-15,13555.0382
2024-10-16,13558.0071
2024-10-17,13560.9275
2024-10-18,13562.433
2024-10-19,13566.761
2024-10-20,13569.8033
2024-10-21,13572.9971
2024-10-22,13575.9983
2024-10-23,13579.1396
2024-10-24,13582.2732
2024-10-25,13585.3723
2024-10-26,13588.4884
2024-10-27,13591.6064
2024-10-28,13594.7859
2024-10-29,13597.807
2024-10-30,13600.868
2024-10-31,13603.9664
2024-11-01,13607.0451
2024-11-02,13610.1255
2024-11-03,13613.2073
2024-11-04,13616.1993
2024-11-05,13619.2259
2024-11-06,13622.2842
2024-11-07,13625.2992
2024-11-08,13628.3315
2024-11-09,13631.3693
2024-11-10,13634.4088
2024-11-11,13637.5686
2024-11-12,13640.6152
2024-11-13,13643.6439
2024-11-14,13646.677
2024-11-15,13649.7152
2024-11-16,13652.7965
2024-11-17,13655.8798
2024-11-18,13658.9681
2024-11-19,13662.0286
2024-11-20,13665.1049
2024-11-21,13668.1898
2024-11-22,13671.2778
2024-11-23,13674.3362
2024-11-24,13677.3958
2024-11-25,13680.4829
2024-11-26,13683.5107
2024-11-27,13686.5715
2024-11-28,13689.6281
2024-11-29,13692.8033
2024-11-30,13695.8754
2024-12-01,13698.9025
2024-12-02,13701.9392
2024-12-03,13705.0117
2024-12-04,13708.0629
2024-12-05,13711.1591
2024-12-06,13714.3542
2024-12-07,13717.4228
2024-12-08,13720.4923
2024-12-09,13723.6296
2024-12-10,13726.6283
2024-12-11,13729.689
2024-12-12,13732.7539
2024-12-13,13735.8643
2024-12-14,13739.0154
2024-12-15,13742.167
2024-12-16,13745.3588
2024-12-17,13748.3389
2024-12-18,13751.1601
2024-12-19,13754.0621
2024-12-20,13756.9914
2024-12-21,13759.9137
2024-12-22,13762.837
2024-12-23,13765.9573
2024-12-24,13768.8725
2024-12-25,13771.7269
2024-12-26,13774.8849
2024-12-27,13777.9759
2024-12-28,13780.9917
2024-12-29,13784.0087
2024-12-30,13789.0222
2024-12-31,13792.2167
2025-01-01,13795.3952
2025-01-02,13798.5272
2025-01-03,13801.6734
2025-01-04,13804.8581
2025-01-05,13808.0438
2025-01-06,13811.2253
2025-01-07,13814.3485
2025-01-08,13817.5314
2025-01-09,13820.612
2025-01-10,13823.7211
2025-01-11,13826.8194
2025-01-12,13829.9184
2025-01-13,13833.0177
2025-01-14,13836.1784
2025-01-15,13839.3511
2025-01-16,13842.4506
2025-01-17,13845.5711
2025-01-18,13848.6691
2025-01-19,13851.7685
2025-01-20,13854.9792
2025-01-21,13858.0827
2025-01-22,13861.2293
2025-01-23,13864.337
2025-01-24,13867.5203
2025-01-25,13870.581
2025-01-26,13873.6419
2025-01-27,13876.7432
2025-01-28,13879.8989
2025-01-29,13883.0442
2025-01-30,13886.2146
2025-01-31,13889.2937
2025-02-01,13892.3858
2025-02-02,13895.4789
2025-02-03,13898.6714
2025-02-04,13901.7281
2025-02-05,13904.8455
2025-02-06,13908.025
2025-02-07,13911.0765
2025-02-08,13914.2097
2025-02-09,13917.344
2025-02-10,13920.4903
2025-02-11,13923.6463
2025-02-12,13926.749
2025-02-13,13929.8689
2025-02-14,13933.0795
2025-02-15,13936.2421
2025-02-16,13939.3646
2025-02-17,13942.4715
2025-02-18,13945.5992
2025-02-19,13948.7229
2025-02-20,13951.8007
2025-02-21,13954.9389
2025-02-22,13958.055
2025-02-23,13961.1719
2025-02-24,13964.353
2025-02-25,13967.4616
2025-02-26,13970.6094
2025-02-27,13973.7576
2025-02-28,13976.8909
2025-03-01,13980.1159
2025-03-02,13983.3427
2025-03-03,13986.5957
2025-03-04,13989.8248
2025-03-05,13993.033
2025-03-06,13996.2218
2025-03-07,13999.4703
2025-03-08,14002.6679
2025-03-09,14005.8621
2025-03-10,14009.1073
2025-03-11,14012.2713
2025-03-12,14015.5068
2025-03-13,14018.6241
2025-03-14,14021.8478
2025-03-15,14025.0313
2025-03-16,14028.1668
2025-03-17,14031.639
2025-03-18,14034.8051
2025-03-19,14038.0144
2025-03-20,14041.129
2025-03-21,14044.3281
2025-03-22,14047.5703
2025-03-23,14050.8127
2025-03-24,14054.0279
2025-03-25,14057.1423
2025-03-26,14060.3053
2025-03-27,14063.6037
2025-03-28,14066.8983
2025-03-29,14070.0838
2025-03-30,14073.2697
2025-03-31,14076.6694
2025-04-01,14079.7926
2025-04-02,14082.9679
2025-04-03,14086.1215
2025-04-04,14089.3862
2025-04-05,14092.5685
2025-04-06,14095.7515
2025-04-07,14099.0792
2025-04-08,14102.2083
2025-04-09,14105.3222
2025-04-10,14108.4914
2025-04-11,14111.7537
2025-04-12,14114.9453
2025-04-13,14118.1377
2025-04-14,14121.273
2025-04-15,14124.4045
2025-04-16,14127.606
2025-04-17,14130.792
2025-04-18,14133.9284
2025-04-19,14137.0656
2025-04-20,14140.2028
2025-04-21,14143.3944
2025-04-22,14146.4841
2025-04-23,14149.6224
2025-04-24,14152.7741
2025-04-25,14155.9453
2025-04-26,14159.0234
2025-04-27,14162.1028
2025-04-28,14165.3049
2025-04-29,14168.4008
2025-04-30,14171.608
2025-05-01,14174.778
2025-05-02,14178.0772
2025-05-03,14181.1788
2025-05-04,14184.3199
2025-05-05,14187.5073
2025-05-06,14190.675
2025-05-07,14193.9027
2025-05-08,14197.0735
2025-05-09,14200.2774
2025-05-10,14203.4783
2025-05-11,14206.68
2025-05-12,14209.9585
2025-05-13,14213.0996
2025-05-14,14216.2455
2025-05-15,14219.4618
2025-05-16,14222.6384
2025-05-17,14225.8041
2025-05-18,14228.9699
2025-05-19,14232.1942
2025-05-20,14235.3464
2025-05-21,14238.4348
2025-05-22,14241.6812
2025-05-23,14244.8504
2025-05-24,14247.9123
2025-05-25,14250.9757
2025-05-26,14254.1381
2025-05-27,14257.2775
2025-05-28,14260.4715
2025-05-29,14263.6971
2025-05-30,14266.9418
2025-05-31,14270.0448
2025-06-01,14273.1761
2025-06-02,14276.3758
2025-06-03,14279.4645
2025-06-04,14282.6469
2025-06-05,14285.8105
2025-06-06,14289.0628
2025-06-07,14292.1754
2025-06-08,14295.2888
2025-06-09,14298.4462
2025-06-10,14301.608
2025-06-11,14304.7575
2025-06-12,14307.9382
2025-06-13,14311.1534
2025-06-14,14314.267
2025-06-15,14317.3819
2025-06-16,14320.5417
2025-06-17,14323.7691
2025-06-18,14326.904
2025-06-19,14330.0738
2025-06-20,14333.0678
2025-06-21,14336.0595
2025-06-22,14339.0495
2025-06-23,14342.2572
2025-06-24,14345.384
2025-06-25,14348.5558
2025-06-26,14351.7568
2025-06-27,14354.9304
2025-06-28,14358.0842
2025-06-29,14361.2394
2025-06-30,14364.5158
2025-07-01,14367.7033
2025-07-02,14370.9369
2025-07-03,14374.1218
2025-07-04,14377.2888
2025-07-05,14380.426
2025-07-06,14383.5637
2025-07-07,14386.7689
2025-07-08,14390.04
2025-07-09,14393.2562
2025-07-10,14396.4621
2025-07-11,14399.7136
2025-07-12,14402.773
2025-07-13,14405.832
2025-07-14,14409.1238
2025-07-15,14412.3717
2025-07-16,14415.401
2025-07-17,14418.7301
2025-07-18,14421.9483
2025-07-19,14424.9591
2025-07-20,14427.9711
2025-07-21,14431.2959
2025-07-22,14434.5619
2025-07-23,14437.74
2025-07-24,14440.953
2025-07-25,14444.0375
2025-07-26,14447.0197
2025-07-27,14450.0011
2025-07-28,14453.1165
2025-07-29,14456.1785
2025-07-30,14459.2024
2025-07-31,14462.3329
2025-08-01,14465.3629
2025-08-02,14468.219
2025-08-03,14471.0758
2025-08-04,14474.1206
2025-08-05,14477.1166
2025-08-06,14480.0427
2025-08-07,14483.0613
2025-08-08,14486.0964
2025-08-09,14489.0295
2025-08-10,14491.9622
2025-08-11,14494.947
2025-08-12,14497.9391
2025-08-13,14500.8856
2025-08-14,14503.8349
2025-08-15,14506.7911
2025-08-16,14509.7116
2025-08-17,14512.6315
2025-08-18,14515.8135
2025-08-19,14518.7918
2025-08-20,14521.7655
2025-08-21,14524.7984
2025-08-22,14527.8134
2025-08-23,14530.6701
2025-08-24,14533.5277
2025-08-25,14536.5534
2025-08-26,14539.548
2025-08-27,14542.5906
2025-08-28,14545.5862
2025-08-29,14548.6615
2025-08-30,14551.5358
2025-08-31,14554.4061
2025-09-01,14557.692
2025-09-02,14560.6806
2025-09-03,14563.6239
2025-09-04,14566.633
2025-09-05,14569.6098
2025-09-06,14572.5105
2025-09-07,14575.4122
2025-09-08,14578.5004
2025-09-09,14581.4926
2025-09-10,14584.4579
2025-09-11,14587.4874
2025-09-12,14590.4888
2025-09-13,14593.425
2025-09-14,14596.3624
2025-09-15,14599.3956
2025-09-16,14602.355
2025-09-17,14605.3419
2025-09-18,14608.2534
2025-09-19,14611.1659
2025-09-20,14614.0795
2025-09-21,14616.993
2025-09-22,14620.0423
2025-09-23,14622.9969
2025-09-24,14626.0397
2025-09-25,14628.9846
2025-09-26,14631.96
2025-09-27,14634.8412
2025-09-28,14637.7233
2025-09-29,14640.7644
2025-09-30,14643.9546
2025-10-01,14646.9562
2025-10-02,14649.9656
2025-10-03,14653.0132
2025-10-04,14655.8867
2025-10-05,14658.7614
2025-10-06,14661.7955
2025-10-07,14664.7887
2025-10-08,14667.7987
2025-10-09,14670.7599
2025-10-10,14673.7339
2025-10-11,14676.5733
2025-10-12,14679.4132
2025-10-13,14682.4207
2025-10-14,14685.395
2025-10-15,14688.3342
2025-10-16,14691.2579
2025-10-17,14694.2213
2025-10-18,14697.0832
2025-10-19,14699.9391
2025-10-20,14702.9209
2025-10-21,14705.898
2025-10-22,14708.8474
2025-10-23,14711.8155
2025-10-24,14714.8059
2025-10-25,14717.6871
2025-10-26,14720.5645
2025-10-27,14723.5749
2025-10-28,14726.7542
2025-10-29,14729.9612
2025-10-30,14733.169
2025-10-31,14736.248
2025-11-01,14739.0835
2025-11-02,14741.9193
2025-11-03,14744.9323
2025-11-04,14747.8984
2025-11-05,14750.8805
2025-11-06,14753.8192
2025-11-07,14756.8757
2025-11-08,14759.8695
2025-11-09,14762.868
2025-11-10,14765.8988
2025-11-11,14768.896
2025-11-12,14771.9625
2025-11-13,14774.9504
2025-11-14,14777.99
2025-11-15,14780.98
2025-11-16,14783.9704
2025-11-17,14786.8928
2025-11-18,14789.9076
2025-11-19,14792.8704
2025-11-20,14795.9104
2025-11-21,14798.9264
2025-11-22,14801.9075
2025-11-23,14804.8893
2025-11-24,14807.9199
2025-11-25,14810.8266
2025-11-26,14813.7413
2025-11-27,14816.7148
2025-11-28,14819.7026
2025-11-29,14822.6051
2025-11-30,14825.5087
2025-12-01,14828.6021
2025-12-02,14831.5874
2025-12-03,14834.6121
2025-12-04,14837.586
2025-12-05,14840.5699
2025-12-06,14843.5517
2025-12-07,14846.5352
2025-12-08,14849.5187
2025-12-09,14852.4688
2025-12-10,14855.3898
2025-12-11,14858.3899
2025-12-12,14861.3716
2025-12-13,14864.3562
2025-12-14,14867.3427
2025-12-15,14870.3032
2025-12-16,14873.3162
2025-12-17,14876.2969
2025-12-18,14879.2322
2025-12-19,14882.1696
2025-12-20,14885.1078
2025-12-21,14888.0471
2025-12-22,14891.0804
2025-12-23,14894.0514
2025-12-24,14896.9977
2025-12-25,14899.9599
2025-12-26,14902.9601
2025-12-27,14905.8443
2025-12-28,14908.7292
2025-12-29,14911.752
2025-12-30,14914.467
2025-12-31,14917.3444
2026-01-01,14920.452
2026-01-02,14923.5377
2026-01-03,14926.595
2026-01-04,14929.6532
2026-01-05,14932.5827
2026-01-06,14935.5713
2026-01-07,14938.5653
2026-01-08,14941.5997
2026-01-09,14944.6085
2026-01-10,14947.5147
2026-01-11,14950.4212
2026-01-12,14953.4607
2026-01-13,14956.46
2026-01-14,14959.384
2026-01-15,14962.3254
2026-01-16,14965.2687
2026-01-17,14968.102
2026-01-18,14970.9358
2026-01-19,14973.9341
2026-01-20,14976.8371
2026-01-21,14979.6852
2026-01-22,14982.5379
2026-01-23,14985.4355
2026-01-24,14988.2133
2026-01-25,14990.9919
2026-01-26,14993.9808
2026-01-27,14996.8029
2026-01-28,14999.617
2026-01-29,15002.6023
2026-01-30,15005.6134
2026-01-31,15008.6119
2026-02-01,15011.5456
2026-02-02,15014.4803
2026-02-03,15017.4402
2026-02-04,15020.4032
2026-02-05,15023.5616
2026-02-06,15026.6691
2026-02-07,15029.6759
2026-02-08,15032.6836
2026-02-09,15035.7812
2026-02-10,15038.8639
2026-02-11,15041.9327
2026-02-12,15045.0314
2026-02-13,15048.113
2026-02-14,15051.1665
2026-02-15,15054.2203
2026-02-16,15057.3104
2026-02-17,15060.42
2026-02-18,15063.4916
2026-02-19,15066.5874
2026-02-20,15069.6696
2026-02-21,15072.7051
2026-02-22,15075.7416
2026-02-23,15078.6294
2026-02-24,15081.4702
2026-02-25,15084.3792
2026-02-26,15087.284
2026-02-27,15090.1977
2026-02-28,15093.0318
2026-03-01,15095.8716
2026-03-02,15098.9272
2026-03-03,15101.7896
2026-03-04,15104.7803
2026-03-05,15107.8177
2026-03-06,15110.8129
2026-03-07,15113.7494
2026-03-08,15116.6869
2026-03-09,15119.6825
2026-03-10,15122.6852
2026-03-11,15125.701
2026-03-12,15128.713
2026-03-13,15131.726
2026-03-14,15134.6882
2026-03-15,15137.6512
2026-03-16,15140.6534
2026-03-17,15143.5818
2026-03-18,15146.4913
2026-03-19,15149.4099
2026-03-20,15152.3242
2026-03-21,15155.0995
2026-03-22,15157.9339
2026-03-23,15160.8889
2026-03-24,15163.8274
2026-03-25,15166.7885
2026-03-26,15169.7324
2026-03-27,15172.6749
2026-03-28,15175.3961
2026-03-29,15178.3429
2026-03-30,15181.4283
2026-03-31,15184.3719
2026-04-01,15187.2045
2026-04-02,15190.2287
2026-04-03,15193.0681
2026-04-04,15195.9082
2026-04-05,15198.7494
2026-04-06,15201.9727
2026-04-07,15204.9276
2026-04-08,15207.9184
2026-04-09,15210.8845
2026-04-10,15213.8703
2026-04-11,15216.7613
2026-04-12,15219.6522
2026-04-13,15222.8662
2026-04-14,15225.974
2026-04-15,15228.8702
2026-04-16,15231.7794
2026-04-17,15234.6823
2026-04-18,15237.503
2026-04-19,15240.3241
2026-04-20,15243.3545
2026-04-21,15246.3622
2026-04-22,15249.3836
2026-04-23,15252.4322
2026-04-24,15255.4819
2026-04-25,15258.4411
2026-04-26,15261.4013
2026-04-27,15264.5607
2026-04-28,15267.5518
2026-04-29,15270.5627
2026-04-30,15273.5213
2026-05-01,15276.4437
2026-05-02,15279.367
2026-05-03,15282.2906
2026-05-04,15285.3673
2026-05-05,15288.4976
2026-05-06,15291.5329
2026-05-07,15294.6116
2026-05-08,15297.5999
2026-05-09,15300.5704
2026-05-10,15303.5412
2026-05-11,15306.6176
2026-05-12,15309.726
2026-05-13,15312.7154
2026-05-14,15315.7351
2026-05-15,15318.7001
2026-05-16,15321.6688
2026-05-17,15324.6383
2026-05-18,15327.8061
2026-05-19,15330.7782
2026-05-20,15333.8038
2026-05-21,15336.7963
2026-05-22,15339.8148
2026-05-23,15342.7405
2026-05-24,15345.6666
2026-05-25,15348.6764
2026-05-26,15351.6395
2026-05-27,15354.6454
2026-05-28,15357.5913
2026-05-29,15360.6208
2026-05-30,15363.6997
2026-05-31,15366.7793
2026-06-01,15369.8629
2026-06-02,15372.931
2026-06-03,15375.9968
2026-06-04,15379.064
2026-06-05,15382.1315
2026-06-06,15385.2029
2026-06-07,15388.275
2026-06-08,15391.3459
2026-06-09,15394.4024
2026-06-10,15397.391
2026-06-11,15400.3541
2026-06-12,15403.3019
2026-06-13,15406.0928
2026-06-14,15408.8843
2026-06-15,15412.1016
2026-06-16,15415.0876
2026-06-17,15418.1392
2026-06-18,15421.135
2026-06-19,15424.0938
2026-06-20,15427.0516
2026-06-21,15430.01
2026-06-22,15433.1854
2026-06-23,15436.203
2026-06-24,15439.1347
2026-06-25,15442.0462
2026-06-26,15444.905
2026-06-27,15447.6936
2026-06-28,15450.4822
2026-06-29,15453.2709
2026-06-30,15456.3673
2026-07-01,15459.2268
2026-07-02,15462.0666
2026-07-03,15465.0692
2026-07-04,15468.0249
2026-07-05,15470.9805
2026-07-06,15473.9565
2026-07-07,15476.8442
2026-07-08,15479.7652
2026-07-09,15482.6859
2026-07-10,15485.6245
2026-07-11,15488.5499
2026-07-12,15491.4753
2026-07-13,15494.5114
2026-07-14,15497.4444
2026-07-15,15500.3749
2026-07-16,15503.1858
2026-07-17,15506.1996
2026-07-18,15509.027
2026-07-19,15511.8545
2026-07-20,15514.6068
2026-07-21,15517.4583
2026-07-22,15520.3156
2026-07-23,15523.1706
2026-07-24,15526.0411
2026-07-25,15528.8281
2026-07-26,15531.6151
2026-07-27,15534.5946
2026-07-28,15537.4348
2026-07-29,15540.2824
2026-07-30,15543.1076
2026-07-31,15545.2308
2026-08-01,15547.9312
2026-08-02,15550.6316
2026-08-03,15553.7275
2026-08-04,15556.6266
2026-08-05,15559.4844
2026-08-06,15562.3117
2026-08-07,15565.2825
2026-08-08,15568.1067
2026-08-09,15570.9309
2026-08-10,15573.758
2026-08-11,15576.6266
2026-08-12,15579.4578
2026-08-13,15582.3017
2026-08-14,15585.1519
2026-08-15,15587.8183
2026-08-16,15590.4882
2026-08-17,15593.2892
2026-08-18,15596.0046
2026-08-19,15598.7243
2026-08-20,15601.4457
2026-08-21,15604.1976
2026-08-22,15606.8615
2026-08-23,15609.5253
2026-08-24,15612.6204
2026-08-25,15615.3474
2026-08-26,15618.0758
2026-08-27,15620.7908
2026-08-28,15623.4735
2026-08-29,15626.089
2026-08-30,15628.7044
2026-08-31,15631.5556
2026-09-01,15634.2758
2026-09-02,15637.1689
2026-09-03,15640.0422
2026-09-04,15642.9989
2026-09-05,15645.8359
2026-09-06,15648.6728
2026-09-07,15651.6509
2026-09-08,15654.6158
2026-09-09,15657.5456
2026-09-10,15660.4754
2026-09-11,15663.4053
2026-09-12,15666.2151
2026-09-13,15669.0248
2026-09-14,15671.9863
2026-09-15,15674.9202
2026-09-16,15677.8718
2026-09-17,15680.7563
2026-09-18,15683.5876
2026-09-19,15686.4189
2026-09-20,15689.25
2026-09-21,15692.1503
2026-09-22,15695.0594
2026-09-23,15697.9476
2026-09-24,15700.8522
2026-09-25,15703.7185
2026-09-26,15706.5028
2026-09-27,15709.287
2026-09-28,15712.1767
2026-09-29,15715.1097
