fecha,valor_cuota
2019-01-01,773.9864
2019-01-02,776.9365
2019-01-03,777.4773
2019-01-04,786.0516
2019-01-05,785.9928
2019-01-06,785.934
2019-01-07,786.0072
2019-01-08,791.1154
2019-01-09,797.1086
2019-01-10,801.5027
2019-01-11,809.617
2019-01-12,809.5546
2019-01-13,809.4922
2019-01-14,810.0715
2019-01-15,812.5439
2019-01-16,819.3279
2019-01-17,821.8086
2019-01-18,828.2287
2019-01-19,828.1648
2019-01-20,828.1009
2019-01-21,824.6268
2019-01-22,815.779
2019-01-23,815.9579
2019-01-24,817.6677
2019-01-25,820.9619
2019-01-26,820.8991
2019-01-27,820.8363
2019-01-28,821.399
2019-01-29,816.7972
2019-01-30,812.5346
2019-01-31,815.0675
2019-02-01,822.1242
2019-02-02,822.0607
2019-02-03,821.9972
2019-02-04,824.9586
2019-02-05,823.9369
2019-02-06,817.7398
2019-02-07,817.7422
2019-02-08,810.457
2019-02-09,810.3938
2019-02-10,810.3306
2019-02-11,809.6654
2019-02-12,811.0726
2019-02-13,811.2548
2019-02-14,809.6589
2019-02-15,813.1158
2019-02-16,813.0525
2019-02-17,812.9892
2019-02-18,808.4904
2019-02-19,810.7913
2019-02-20,814.352
2019-02-21,818.5841
2019-02-22,825.2476
2019-02-23,825.1831
2019-02-24,825.1186
2019-02-25,824.4171
2019-02-26,823.7113
2019-02-27,808.1482
2019-02-28,795.2943
2019-03-01,793.3068
2019-03-02,793.2459
2019-03-03,793.185
2019-03-04,788.05
2019-03-05,786.3421
2019-03-06,790.2089
2019-03-07,790.2648
2019-03-08,792.9212
2019-03-09,792.8585
2019-03-10,792.7958
2019-03-11,796.3867
2019-03-12,794.841
2019-03-13,798.3745
2019-03-14,796.4382
2019-03-15,799.8863
2019-03-16,799.823
2019-03-17,799.7598
2019-03-18,799.7417
2019-03-19,796.5714
2019-03-20,787.4328
2019-03-21,789.7838
2019-03-22,782.0309
2019-03-23,781.9694
2019-03-24,781.9079
2019-03-25,779.3826
2019-03-26,778.9292
2019-03-27,776.369
2019-03-28,780.0817
2019-03-29,786.7693
2019-03-30,786.707
2019-03-31,786.6447
2019-04-01,786.1661
2019-04-02,778.9303
2019-04-03,780.0506
2019-04-04,789.037
2019-04-05,784.6814
2019-04-06,784.6191
2019-04-07,784.5568
2019-04-08,787.4419
2019-04-09,788.4294
2019-04-10,787.8018
2019-04-11,784.2944
2019-04-12,781.9575
2019-04-13,781.8954
2019-04-14,781.8332
2019-04-15,780.6931
2019-04-16,784.9005
2019-04-17,786.9853
2019-04-18,784.8862
2019-04-19,784.8237
2019-04-20,784.7612
2019-04-21,784.6987
2019-04-22,780.5659
2019-04-23,777.9476
2019-04-24,773.3972
2019-04-25,768.7518
2019-04-26,771.6087
2019-04-27,771.5474
2019-04-28,771.4861
2019-04-29,767.2175
2019-04-30,769.6303
2019-05-01,769.5707
2019-05-02,762.7858
2019-05-03,761.4346
2019-05-04,761.3765
2019-05-05,761.3184
2019-05-06,760.0453
2019-05-07,751.177
2019-05-08,747.7679
2019-05-09,744.0242
2019-05-10,744.5684
2019-05-11,744.5122
2019-05-12,744.4559
2019-05-13,732.2888
2019-05-14,739.3757
2019-05-15,736.8459
2019-05-16,732.1768
2019-05-17,720.742
2019-05-18,720.6876
2019-05-19,720.6333
2019-05-20,718.8094
2019-05-21,718.7553
2019-05-22,719.5637
2019-05-23,714.8308
2019-05-24,712.3575
2019-05-25,712.3037
2019-05-26,712.2498
2019-05-27,707.6666
2019-05-28,700.4
2019-05-29,711.3748
2019-05-30,719.6009
2019-05-31,725.7554
2019-06-01,725.7026
2019-06-02,725.6499
2019-06-03,731.283
2019-06-04,729.8792
2019-06-05,722.9846
2019-06-06,718.494
2019-06-07,721.9545
2019-06-08,721.8981
2019-06-09,721.8417
2019-06-10,731.6511
2019-06-11,738.8983
2019-06-12,738.2689
2019-06-13,738.9825
2019-06-14,736.8534
2019-06-15,736.7969
2019-06-16,736.7403
2019-06-17,731.6999
2019-06-18,733.9149
2019-06-19,732.8453
2019-06-20,736.7656
2019-06-21,736.3358
2019-06-22,736.2788
2019-06-23,736.2218
2019-06-24,740.534
2019-06-25,741.5701
2019-06-26,739.3906
2019-06-27,738.7709
2019-06-28,739.135
2019-06-29,739.0775
2019-06-30,739.02
2019-07-01,737.7165
2019-07-02,729.6612
2019-07-03,736.0481
2019-07-04,735.9317
2019-07-05,738.7244
2019-07-06,738.6671
2019-07-07,738.6099
2019-07-08,737.0744
2019-07-09,735.0601
2019-07-10,737.9635
2019-07-11,738.2688
2019-07-12,737.1451
2019-07-13,737.0881
2019-07-14,737.0311
2019-07-15,738.1021
2019-07-16,738.045
2019-07-17,734.3016
2019-07-18,732.9301
2019-07-19,734.6503
2019-07-20,734.5929
2019-07-21,734.5356
2019-07-22,731.4653
2019-07-23,726.1841
2019-07-24,721.926
2019-07-25,725.1569
2019-07-26,723.5378
2019-07-27,723.4821
2019-07-28,723.4264
2019-07-29,726.2067
2019-07-30,726.242
2019-07-31,721.9876
2019-08-01,717.3692
2019-08-02,709.2516
2019-08-03,709.197
2019-08-04,709.1424
2019-08-05,693.8962
2019-08-06,693.4792
2019-08-07,698.2239
2019-08-08,712.5179
2019-08-09,712.906
2019-08-10,712.8504
2019-08-11,712.7947
2019-08-12,700.3598
2019-08-13,702.9229
2019-08-14,693.5092
2019-08-15,693.455
2019-08-16,695.9366
2019-08-17,695.8821
2019-08-18,695.8276
2019-08-19,694.1044
2019-08-20,692.6014
2019-08-21,693.8973
2019-08-22,687.0071
2019-08-23,673.8639
2019-08-24,673.8109
2019-08-25,673.7579
2019-08-26,669.1168
2019-08-27,667.534
2019-08-28,667.9882
2019-08-29,679.8108
2019-08-30,695.9756
2019-08-31,695.9219
2019-09-01,695.8691
2019-09-02,691.1764
2019-09-03,682.6311
2019-09-04,688.9486
2019-09-05,697.442
2019-09-06,698.3301
2019-09-07,698.2775
2019-09-08,698.2249
2019-09-09,703.5299
2019-09-10,706.2737
2019-09-11,717.2516
2019-09-12,719.4425
2019-09-13,723.6583
2019-09-14,723.6034
2019-09-15,723.5485
2019-09-16,732.4053
2019-09-17,733.4583
2019-09-18,733.4025
2019-09-19,733.3467
2019-09-20,733.2909
2019-09-21,733.2351
2019-09-22,733.1793
2019-09-23,726.28
2019-09-24,722.6849
2019-09-25,723.2523
2019-09-26,725.9121
2019-09-27,736.4126
2019-09-28,736.3572
2019-09-29,736.3018
2019-09-30,730.4003
2019-10-01,727.9765
2019-10-02,724.9036
2019-10-03,721.8317
2019-10-04,727.4488
2019-10-05,727.3939
2019-10-06,727.339
2019-10-07,728.8327
2019-10-08,727.3711
2019-10-09,726.0718
2019-10-10,729.4098
2019-10-11,740.9577
2019-10-12,740.9014
2019-10-13,740.8452
2019-10-14,740.0624
2019-10-15,743.7351
2019-10-16,742.6185
2019-10-17,745.7488
2019-10-18,748.5765
2019-10-19,748.5192
2019-10-20,748.4619
2019-10-21,714.0477
2019-10-22,719.6767
2019-10-23,707.7952
2019-10-24,722.5921
2019-10-25,712.2101
2019-10-26,712.1543
2019-10-27,712.0986
2019-10-28,714.6969
2019-10-29,702.9204
2019-10-30,683.1168
2019-10-31,683.0638
2019-11-01,683.0108
2019-11-02,682.9578
2019-11-03,682.9048
2019-11-04,691.0921
2019-11-05,680.7376
2019-11-06,661.8751
2019-11-07,672.2673
2019-11-08,674.8125
2019-11-09,674.7601
2019-11-10,674.7077
2019-11-11,664.4009
2019-11-12,653.0552
2019-11-13,634.1697
2019-11-14,646.4587
2019-11-15,698.5698
2019-11-16,698.5154
2019-11-17,698.461
2019-11-18,691.6325
2019-11-19,688.3845
2019-11-20,687.4903
2019-11-21,681.4489
2019-11-22,679.3301
2019-11-23,679.2774
2019-11-24,679.2247
2019-11-25,667.9623
2019-11-26,655.2004
2019-11-27,659.9897
2019-11-28,648.7916
2019-11-29,651.6466
2019-11-30,651.595
2019-12-01,651.5433
2019-12-02,646.1581
2019-12-03,644.8561
2019-12-04,665.6294
2019-12-05,678.6156
2019-12-06,676.7905
2019-12-07,676.7351
2019-12-08,676.6797
2019-12-09,680.1464
2019-12-10,681.7392
2019-12-11,685.2473
2019-12-12,689.1505
2019-12-13,698.822
2019-12-14,698.7649
2019-12-15,698.7078
2019-12-16,697.4231
2019-12-17,688.5885
2019-12-18,677.2496
2019-12-19,679.1774
2019-12-20,676.7051
2019-12-21,676.6498
2019-12-22,676.5945
2019-12-23,675.1325
2019-12-24,673.4429
2019-12-25,673.3879
2019-12-26,667.3133
2019-12-27,666.588
2019-12-28,666.5351
2019-12-29,666.4821
2019-12-30,671.4429
2019-12-31,671.3884
2020-01-01,671.3341
2020-01-02,690.215
2020-01-03,695.2843
2020-01-04,695.2288
2020-01-05,695.1733
2020-01-06,701.7523
2020-01-07,706.1548
2020-01-08,705.1451
2020-01-09,703.4383
2020-01-10,717.7185
2020-01-11,717.6604
2020-01-12,717.6023
2020-01-13,712.1782
2020-01-14,706.859
2020-01-15,701.2609
2020-01-16,702.5729
2020-01-17,700.7715
2020-01-18,700.7139
2020-01-19,700.6563
2020-01-20,690.8798
2020-01-21,673.4672
2020-01-22,669.9782
2020-01-23,666.7218
2020-01-24,664.1011
2020-01-25,664.0461
2020-01-26,663.9911
2020-01-27,652.5163
2020-01-28,653.7201
2020-01-29,654.1557
2020-01-30,650.8351
2020-01-31,653.5758
2020-02-01,653.5209
2020-02-02,653.466
2020-02-03,654.4617
2020-02-04,667.2016
2020-02-05,668.0038
2020-02-06,671.3991
2020-02-07,669.5314
2020-02-08,669.4758
2020-02-09,669.4201
2020-02-10,660.9273
2020-02-11,665.5369
2020-02-12,666.5682
2020-02-13,665.3525
2020-02-14,664.7363
2020-02-15,664.6809
2020-02-16,664.6255
2020-02-17,661.0761
2020-02-18,648.5264
2020-02-19,644.9892
2020-02-20,647.33
2020-02-21,646.7898
2020-02-22,646.7357
2020-02-23,646.6817
2020-02-24,632.0936
2020-02-25,622.1807
2020-02-26,613.0611
2020-02-27,608.1014
2020-02-28,588.0218
2020-02-29,587.9738
2020-03-01,587.9259
2020-03-02,610.7766
2020-03-03,611.5442
2020-03-04,622.3817
2020-03-05,616.3199
2020-03-06,602.8127
2020-03-07,602.766
2020-03-08,602.7193
2020-03-09,575.0936
2020-03-10,579.9871
2020-03-11,567.0778
2020-03-12,531.2828
2020-03-13,536.4257
2020-03-14,536.3843
2020-03-15,536.3428
2020-03-16,461.5855
2020-03-17,467.0903
2020-03-18,410.9589
2020-03-19,439.3807
2020-03-20,438.8014
2020-03-21,438.7642
2020-03-22,438.7269
2020-03-23,412.6961
2020-03-24,412.2245
2020-03-25,444.4603
2020-03-26,454.6097
2020-03-27,456.5265
2020-03-28,456.4883
2020-03-29,456.4501
2020-03-30,468.7788
2020-03-31,492.8098
2020-04-01,483.4324
2020-04-02,502.8219
2020-04-03,518.1248
2020-04-04,518.0816
2020-04-05,518.0384
2020-04-06,528.4037
2020-04-07,523.2828
2020-04-08,530.0234
2020-04-09,538.8386
2020-04-10,538.7967
2020-04-11,538.7548
2020-04-12,538.713
2020-04-13,543.8995
2020-04-14,552.3519
2020-04-15,543.2126
2020-04-16,535.834
2020-04-17,538.2069
2020-04-18,538.1658
2020-04-19,538.1247
2020-04-20,527.9523
2020-04-21,514.5179
2020-04-22,518.0783
2020-04-23,527.8676
2020-04-24,517.7037
2020-04-25,517.6639
2020-04-26,517.6241
2020-04-27,536.2508
2020-04-28,548.8802
2020-04-29,564.8026
2020-04-30,559.5588
2020-05-01,559.5154
2020-05-02,559.4721
2020-05-03,559.4287
2020-05-04,540.9768
2020-05-05,550.6058
2020-05-06,556.2269
2020-05-07,560.6174
2020-05-08,535.3185
2020-05-09,535.2783
2020-05-10,535.2381
2020-05-11,533.323
2020-05-12,521.6208
2020-05-13,503.1107
2020-05-14,507.9278
2020-05-15,504.9518
2020-05-16,504.9135
2020-05-17,504.8752
2020-05-18,524.4211
2020-05-19,519.773
2020-05-20,523.2043
2020-05-21,523.1653
2020-05-22,518.6715
2020-05-23,518.6323
2020-05-24,518.5931
2020-05-25,522.4101
2020-05-26,519.6114
2020-05-27,522.5247
2020-05-28,506.8922
2020-05-29,501.1123
2020-05-30,501.0754
2020-05-31,501.0385
2020-06-01,506.1286
2020-06-02,514.9304
2020-06-03,526.2436
2020-06-04,533.2946
2020-06-05,553.454
2020-06-06,553.4114
2020-06-07,553.3688
2020-06-08,567.9075
2020-06-09,565.9631
2020-06-10,557.4016
2020-06-11,540.6987
2020-06-12,545.8007
2020-06-13,545.7573
2020-06-14,545.7139
2020-06-15,533.5262
2020-06-16,539.8679
2020-06-17,547.5889
2020-06-18,546.7502
2020-06-19,551.9105
2020-06-20,551.8679
2020-06-21,551.8253
2020-06-22,548.0025
2020-06-23,552.5059
2020-06-24,553.0744
2020-06-25,553.3281
2020-06-26,546.8073
2020-06-27,546.768
2020-06-28,546.7287
2020-06-29,546.6894
2020-06-30,542.2934
2020-07-01,552.9183
2020-07-02,572.123
2020-07-03,575.4019
2020-07-04,575.3607
2020-07-05,575.3196
2020-07-06,586.5112
2020-07-07,582.8084
2020-07-08,572.9665
2020-07-09,551.9519
2020-07-10,551.5405
2020-07-11,551.5042
2020-07-12,551.4679
2020-07-13,563.1503
2020-07-14,572.0607
2020-07-15,553.0169
2020-07-16,552.9777
2020-07-17,546.5382
2020-07-18,546.4993
2020-07-19,546.4604
2020-07-20,536.847
2020-07-21,531.7171
2020-07-22,539.5253
2020-07-23,544.8573
2020-07-24,548.9922
2020-07-25,548.9529
2020-07-26,548.9136
2020-07-27,555.3866
2020-07-28,554.3834
2020-07-29,544.4691
2020-07-30,540.3454
2020-07-31,549.0156
2020-08-01,548.9771
2020-08-02,548.9386
2020-08-03,539.2691
2020-08-04,536.4666
2020-08-05,537.2611
2020-08-06,542.1817
2020-08-07,544.8912
2020-08-08,544.8551
2020-08-09,544.819
2020-08-10,544.1276
2020-08-11,546.2887
2020-08-12,551.187
2020-08-13,546.8562
2020-08-14,548.4674
2020-08-15,548.4296
2020-08-16,548.3918
2020-08-17,551.6049
2020-08-18,549.2207
2020-08-19,545.7876
2020-08-20,542.9112
2020-08-21,545.1527
2020-08-22,545.1155
2020-08-23,545.0783
2020-08-24,540.6336
2020-08-25,531.7614
2020-08-26,526.8082
2020-08-27,530.3669
2020-08-28,527.906
2020-08-29,527.8688
2020-08-30,527.8316
2020-08-31,513.3006
2020-09-01,511.2415
2020-09-02,519.6261
2020-09-03,523.8574
2020-09-04,518.9841
2020-09-05,518.9467
2020-09-06,518.9092
2020-09-07,524.8189
2020-09-08,520.9642
2020-09-09,513.5329
2020-09-10,502.0315
2020-09-11,505.4568
2020-09-12,505.4198
2020-09-13,505.3828
2020-09-14,504.9688
2020-09-15,506.5401
2020-09-16,505.892
2020-09-17,507.5009
2020-09-18,507.464
2020-09-19,507.4271
2020-09-20,507.3902
2020-09-21,495.7303
2020-09-22,494.4655
2020-09-23,478.9331
2020-09-24,485.7966
2020-09-25,488.1583
2020-09-26,488.1204
2020-09-27,488.0825
2020-09-28,488.9082
2020-09-29,483.4461
2020-09-30,494.4814
2020-10-01,494.196
2020-10-02,498.3
2020-10-03,498.2624
2020-10-04,498.2248
2020-10-05,499.5151
2020-10-06,492.1448
2020-10-07,487.5886
2020-10-08,495.3056
2020-10-09,498.9362
2020-10-10,498.8993
2020-10-11,498.8624
2020-10-12,498.8256
2020-10-13,495.7246
2020-10-14,497.0001
2020-10-15,496.6006
2020-10-16,493.706
2020-10-17,493.6695
2020-10-18,493.633
2020-10-19,492.4065
2020-10-20,497.9438
2020-10-21,512.7402
2020-10-22,516.57
2020-10-23,516.0645
2020-10-24,516.0278
2020-10-25,515.9911
2020-10-26,502.2057
2020-10-27,500.9554
2020-10-28,491.8151
2020-10-29,485.4085
2020-10-30,479.6239
2020-10-31,479.5905
2020-11-01,479.5571
2020-11-02,483.7361
2020-11-03,476.874
2020-11-04,476.3811
2020-11-05,501.404
2020-11-06,515.9622
2020-11-07,515.9261
2020-11-08,515.89
2020-11-09,531.5085
2020-11-10,538.0872
2020-11-11,538.2961
2020-11-12,529.7816
2020-11-13,541.7419
2020-11-14,541.7046
2020-11-15,541.6673
2020-11-16,547.2862
2020-11-17,548.0827
2020-11-18,555.4946
2020-11-19,544.6129
2020-11-20,548.1026
2020-11-21,548.0644
2020-11-22,548.0261
2020-11-23,558.3311
2020-11-24,567.0157
2020-11-25,558.6271
2020-11-26,556.8023
2020-11-27,555.1798
2020-11-28,555.1409
2020-11-29,555.102
2020-11-30,543.3676
2020-12-01,553.7915
2020-12-02,559.9916
2020-12-03,564.1914
2020-12-04,564.4777
2020-12-05,564.4369
2020-12-06,564.3962
2020-12-07,556.1921
2020-12-08,556.1517
2020-12-09,558.5623
2020-12-10,552.039
2020-12-11,549.2543
2020-12-12,549.2152
2020-12-13,549.176
2020-12-14,544.7127
2020-12-15,545.3602
2020-12-16,551.5187
2020-12-17,563.2859
2020-12-18,564.5144
2020-12-19,564.4737
2020-12-20,564.433
2020-12-21,558.0111
2020-12-22,561.4045
2020-12-23,556.8258
2020-12-24,553.7274
2020-12-25,553.6876
2020-12-26,553.6478
2020-12-27,553.608
2020-12-28,559.8208
2020-12-29,562.1396
2020-12-30,559.2266
2020-12-31,559.1857
2021-01-01,559.1449
2021-01-02,559.1042
2021-01-03,559.0635
2021-01-04,569.7309
2021-01-05,584.3391
2021-01-06,591.0628
2021-01-07,605.8585
2021-01-08,610.0057
2021-01-09,609.9645
2021-01-10,609.9233
2021-01-11,608.8766
2021-01-12,615.1797
2021-01-13,622.937
2021-01-14,620.5204
2021-01-15,611.3199
2021-01-16,611.2787
2021-01-17,611.2376
2021-01-18,618.1429
2021-01-19,624.1883
2021-01-20,619.8934
2021-01-21,612.0627
2021-01-22,598.8164
2021-01-23,598.7722
2021-01-24,598.728
2021-01-25,599.7198
2021-01-26,600.8392
2021-01-27,590.1691
2021-01-28,589.1651
2021-01-29,572.3903
2021-01-30,572.3492
2021-01-31,572.3081
2021-02-01,584.5552
2021-02-02,589.316
2021-02-03,587.2588
2021-02-04,588.5644
2021-02-05,593.4464
2021-02-06,593.4026
2021-02-07,593.3588
2021-02-08,598.3238
2021-02-09,605.6662
2021-02-10,603.6172
2021-02-11,606.3046
2021-02-12,613.028
2021-02-13,612.9828
2021-02-14,612.9376
2021-02-15,615.6837
2021-02-16,620.0202
2021-02-17,607.5042
2021-02-18,602.0683
2021-02-19,616.0047
2021-02-20,615.9619
2021-02-21,615.9191
2021-02-22,608.6564
2021-02-23,597.9798
2021-02-24,609.532
2021-02-25,609.226
2021-02-26,609.0445
2021-02-27,609.0024
2021-02-28,608.9603
2021-03-01,617.4254
2021-03-02,628.3056
2021-03-03,637.1708
2021-03-04,625.6013
2021-03-05,627.3004
2021-03-06,627.2556
2021-03-07,627.2108
2021-03-08,627.0632
2021-03-09,643.5937
2021-03-10,650.1978
2021-03-11,649.1098
2021-03-12,650.7208
2021-03-13,650.6737
2021-03-14,650.6266
2021-03-15,653.3028
2021-03-16,652.0995
2021-03-17,652.6288
2021-03-18,648.5042
2021-03-19,645.3175
2021-03-20,645.2708
2021-03-21,645.2241
2021-03-22,642.0991
2021-03-23,638.2594
2021-03-24,643.4091
2021-03-25,632.517
2021-03-26,644.6085
2021-03-27,644.5617
2021-03-28,644.5149
2021-03-29,651.8236
2021-03-30,653.5496
2021-03-31,649.8389
2021-04-01,648.2133
2021-04-02,648.1665
2021-04-03,648.1197
2021-04-04,648.0729
2021-04-05,646.0968
2021-04-06,644.0387
2021-04-07,643.5141
2021-04-08,650.2899
2021-04-09,656.7948
2021-04-10,656.7457
2021-04-11,656.6967
2021-04-12,655.5098
2021-04-13,648.944
2021-04-14,652.4377
2021-04-15,654.474
2021-04-16,664.9752
2021-04-17,664.9261
2021-04-18,664.877
2021-04-19,663.1767
2021-04-20,662.4113
2021-04-21,656.7836
2021-04-22,645.1671
2021-04-23,644.4375
2021-04-24,644.3907
2021-04-25,644.3439
2021-04-26,646.2006
2021-04-27,630.7173
2021-04-28,609.24
2021-04-29,603.4046
2021-04-30,592.3955
2021-05-01,592.3516
2021-05-02,592.3077
2021-05-03,607.5925
2021-05-04,615.3897
2021-05-05,621.9435
2021-05-06,612.195
2021-05-07,610.5634
2021-05-08,610.5174
2021-05-09,610.4714
2021-05-10,607.2374
2021-05-11,600.1063
2021-05-12,591.1417
2021-05-13,585.41
2021-05-14,602.5253
2021-05-15,602.4797
2021-05-16,602.4341
2021-05-17,546.2817
2021-05-18,545.2116
2021-05-19,530.0675
2021-05-20,536.2733
2021-05-21,536.2323
2021-05-22,536.1913
2021-05-23,536.1503
2021-05-24,540.4653
2021-05-25,537.2492
2021-05-26,540.3728
2021-05-27,545.6989
2021-05-28,556.3669
2021-05-29,556.3272
2021-05-30,556.2875
2021-05-31,568.7728
2021-06-01,573.8893
2021-06-02,573.5498
2021-06-03,551.7841
2021-06-04,551.6244
2021-06-05,551.5833
2021-06-06,551.5421
2021-06-07,539.1599
2021-06-08,544.4703
2021-06-09,556.8997
2021-06-10,555.3883
2021-06-11,561.8784
2021-06-12,561.836
2021-06-13,561.7937
2021-06-14,566.1847
2021-06-15,568.2993
2021-06-16,567.1486
2021-06-17,563.7
2021-06-18,559.009
2021-06-19,558.9701
2021-06-20,558.9313
2021-06-21,558.8924
2021-06-22,568.9192
2021-06-23,568.6382
2021-06-24,575.2495
2021-06-25,565.9532
2021-06-26,565.9105
2021-06-27,565.8678
2021-06-28,565.8251
2021-06-29,562.4646
2021-06-30,563.4131
2021-07-01,565.2037
2021-07-02,561.1498
2021-07-03,561.1077
2021-07-04,561.0656
2021-07-05,557.479
2021-07-06,541.6064
2021-07-07,546.8221
2021-07-08,544.419
2021-07-09,552.0947
2021-07-10,552.0535
2021-07-11,552.0123
2021-07-12,551.373
2021-07-13,545.5668
2021-07-14,540.3205
2021-07-15,539.5922
2021-07-16,539.5519
2021-07-17,539.5116
2021-07-18,539.4713
2021-07-19,549.6634
2021-07-20,557.3993
2021-07-21,554.9974
2021-07-22,556.7345
2021-07-23,543.6985
2021-07-24,543.6565
2021-07-25,543.6145
2021-07-26,538.3024
2021-07-27,538.3012
2021-07-28,541.509
2021-07-29,552.0279
2021-07-30,551.2269
2021-07-31,551.1839
2021-08-01,551.1407
2021-08-02,545.9706
2021-08-03,545.3262
2021-08-04,545.8558
2021-08-05,549.5612
2021-08-06,554.9261
2021-08-07,554.8825
2021-08-08,554.8389
2021-08-09,549.7976
2021-08-10,562.8651
2021-08-11,565.7024
2021-08-12,566.4747
2021-08-13,570.0162
2021-08-14,569.9717
2021-08-15,569.9272
2021-08-16,560.5068
2021-08-17,559.3194
2021-08-18,561.9907
2021-08-19,557.9365
2021-08-20,562.6688
2021-08-21,562.6258
2021-08-22,562.5828
2021-08-23,568.3895
2021-08-24,565.3412
2021-08-25,574.121
2021-08-26,573.7804
2021-08-27,575.6449
2021-08-28,575.6015
2021-08-29,575.5581
2021-08-30,581.6014
2021-08-31,579.632
2021-09-01,574.377
2021-09-02,572.4722
2021-09-03,575.9553
2021-09-04,575.9111
2021-09-05,575.8669
2021-09-06,574.7961
2021-09-07,571.7645
2021-09-08,564.6789
2021-09-09,567.7733
2021-09-10,574.9359
2021-09-11,574.8921
2021-09-12,574.8484
2021-09-13,566.7758
2021-09-14,567.7715
2021-09-15,570.8536
2021-09-16,574.86
2021-09-17,574.8163
2021-09-18,574.7726
2021-09-19,574.7289
2021-09-20,552.5864
2021-09-21,554.6042
2021-09-22,564.3832
2021-09-23,567.888
2021-09-24,563.412
2021-09-25,563.3702
2021-09-26,563.3284
2021-09-27,560.0037
2021-09-28,556.2315
2021-09-29,556.9812
2021-09-30,558.8224
2021-10-01,554.1677
2021-10-02,554.1277
2021-10-03,554.0877
2021-10-04,543.815
2021-10-05,541.4927
2021-10-06,529.6008
2021-10-07,529.0969
2021-10-08,531.1407
2021-10-09,531.1035
2021-10-10,531.0663
2021-10-11,531.0291
2021-10-12,519.75
2021-10-13,507.4869
2021-10-14,506.2137
2021-10-15,504.3757
2021-10-16,504.3408
2021-10-17,504.306
2021-10-18,502.4472
2021-10-19,501.0865
2021-10-20,505.9809
2021-10-21,507.3774
2021-10-22,511.2527
2021-10-23,511.2173
2021-10-24,511.1818
2021-10-25,520.6501
2021-10-26,529.239
2021-10-27,512.0261
2021-10-28,509.4778
2021-10-29,508.3014
2021-10-30,508.2642
2021-10-31,508.2269
2021-11-01,508.188
2021-11-02,522.2657
2021-11-03,533.2726
2021-11-04,553.4947
2021-11-05,542.9528
2021-11-06,542.9105
2021-11-07,542.8682
2021-11-08,539.3438
2021-11-09,550.8684
2021-11-10,553.0641
2021-11-11,556.5602
2021-11-12,552.4556
2021-11-13,552.4118
2021-11-14,552.368
2021-11-15,539.5995
2021-11-16,530.0012
2021-11-17,528.507
2021-11-18,527.0172
2021-11-19,536.3872
2021-11-20,536.3472
2021-11-21,536.3073
2021-11-22,588.0158
2021-11-23,577.7877
2021-11-24,569.3946
2021-11-25,565.9846
2021-11-26,563.1959
2021-11-27,563.1546
2021-11-28,563.1133
2021-11-29,554.1189
2021-11-30,545.1731
2021-12-01,532.8786
2021-12-02,537.5214
2021-12-03,536.3923
2021-12-04,536.3561
2021-12-05,536.3199
2021-12-06,536.1648
2021-12-07,539.3438
2021-12-08,539.3055
2021-12-09,542.154
2021-12-10,540.5034
2021-12-11,540.4615
2021-12-12,540.4196
2021-12-13,527.6384
2021-12-14,512.7361
2021-12-15,523.9129
2021-12-16,538.6334
2021-12-17,534.3448
2021-12-18,534.3037
2021-12-19,534.2626
2021-12-20,499.3486
2021-12-21,506.2714
2021-12-22,503.1196
2021-12-23,517.6241
2021-12-24,524.3214
2021-12-25,524.2808
2021-12-26,524.2402
2021-12-27,522.1235
2021-12-28,520.5659
2021-12-29,517.4224
2021-12-30,522.3669
2021-12-31,522.3291
2022-01-01,522.2907
2022-01-02,522.2523
2022-01-03,521.36
2022-01-04,520.5332
2022-01-05,523.2555
2022-01-06,526.9574
2022-01-07,520.5953
2022-01-08,520.5565
2022-01-09,520.5178
2022-01-10,521.0315
2022-01-11,532.4623
2022-01-12,546.2567
2022-01-13,546.7586
2022-01-14,543.6015
2022-01-15,543.5629
2022-01-16,543.5243
2022-01-17,541.881
2022-01-18,545.1651
2022-01-19,541.4532
2022-01-20,543.3855
2022-01-21,562.443
2022-01-22,562.4009
2022-01-23,562.3588
2022-01-24,545.2145
2022-01-25,548.3157
2022-01-26,551.0455
2022-01-27,552.3143
2022-01-28,549.3161
2022-01-29,549.271
2022-01-30,549.2259
2022-01-31,549.8509
2022-02-01,555.8381
2022-02-02,550.5857
2022-02-03,538.4596
2022-02-04,534.8726
2022-02-05,534.8289
2022-02-06,534.7852
2022-02-07,540.5834
2022-02-08,553.57
2022-02-09,556.2234
2022-02-10,560.5565
2022-02-11,561.8469
2022-02-12,561.8019
2022-02-13,561.757
2022-02-14,555.9448
2022-02-15,560.5965
2022-02-16,561.6748
2022-02-17,549.3337
2022-02-18,549.1055
2022-02-19,549.0628
2022-02-20,549.0201
2022-02-21,546.1833
2022-02-22,539.7948
2022-02-23,528.0986
2022-02-24,530.9126
2022-02-25,538.7829
2022-02-26,538.7404
2022-02-27,538.698
2022-02-28,546.9483
2022-03-01,534.9905
2022-03-02,541.2111
2022-03-03,551.3094
2022-03-04,559.6359
2022-03-05,559.5915
2022-03-06,559.5471
2022-03-07,556.6959
2022-03-08,551.9273
2022-03-09,561.1609
2022-03-10,555.4802
2022-03-11,558.3564
2022-03-12,558.3125
2022-03-13,558.2686
2022-03-14,552.8487
2022-03-15,556.95
2022-03-16,565.6163
2022-03-17,576.9327
2022-03-18,584.5456
2022-03-19,584.5036
2022-03-20,584.4616
2022-03-21,601.3329
2022-03-22,588.5465
2022-03-23,582.8935
2022-03-24,595.9194
2022-03-25,597.1414
2022-03-26,597.094
2022-03-27,597.0467
2022-03-28,593.8584
2022-03-29,590.6034
2022-03-30,588.1938
2022-03-31,588.9163
2022-04-01,593.6238
2022-04-02,593.5765
2022-04-03,593.5292
2022-04-04,595.1189
2022-04-05,587.5719
2022-04-06,592.6055
2022-04-07,591.7743
2022-04-08,592.1946
2022-04-09,592.1485
2022-04-10,592.1024
2022-04-11,586.2051
2022-04-12,585.0325
2022-04-13,586.4738
2022-04-14,585.9338
2022-04-15,585.8877
2022-04-16,585.8416
2022-04-17,585.7955
2022-04-18,579.6333
2022-04-19,584.8064
2022-04-20,592.2295
2022-04-21,584.7732
2022-04-22,578.5346
2022-04-23,578.4885
2022-04-24,578.4424
2022-04-25,563.3703
2022-04-26,555.2484
2022-04-27,563.8939
2022-04-28,561.4193
2022-04-29,559.5753
2022-04-30,559.5304
2022-05-01,559.4855
2022-05-02,556.2407
2022-05-03,558.9496
2022-05-04,567.8889
2022-05-05,563.8095
2022-05-06,562.004
2022-05-07,561.9596
2022-05-08,561.9152
2022-05-09,550.9649
2022-05-10,545.5102
2022-05-11,542.404
2022-05-12,545.1455
2022-05-13,560.8359
2022-05-14,560.7935
2022-05-15,560.7511
2022-05-16,562.7281
2022-05-17,580.514
2022-05-18,573.7072
2022-05-19,575.4899
2022-05-20,575.5473
2022-05-21,575.5064
2022-05-22,575.4655
2022-05-23,592.0847
2022-05-24,593.8003
2022-05-25,599.3058
2022-05-26,608.2203
2022-05-27,619.012
2022-05-28,618.9666
2022-05-29,618.9212
2022-05-30,618.7153
2022-05-31,611.8536
2022-06-01,605.9498
2022-06-02,612.0497
2022-06-03,611.9292
2022-06-04,611.8869
2022-06-05,611.8446
2022-06-06,609.2659
2022-06-07,612.205
2022-06-08,602.846
2022-06-09,592.26
2022-06-10,595.1614
2022-06-11,595.1174
2022-06-12,595.0734
2022-06-13,583.0313
2022-06-14,581.87
2022-06-15,580.1479
2022-06-16,567.7382
2022-06-17,571.9066
2022-06-18,571.8682
2022-06-19,571.8298
2022-06-20,573.6559
2022-06-21,573.6172
2022-06-22,570.4413
2022-06-23,556.7795
2022-06-24,560.6469
2022-06-25,560.6073
2022-06-26,560.5677
2022-06-27,560.5281
2022-06-28,562.8048
2022-06-29,563.332
2022-06-30,556.7721
2022-07-01,561.4354
2022-07-02,561.3967
2022-07-03,561.3581
2022-07-04,560.8378
2022-07-05,562.45
2022-07-06,562.7604
2022-07-07,573.2702
2022-07-08,574.5003
2022-07-09,574.4597
2022-07-10,574.4191
2022-07-11,568.2924
2022-07-12,570.013
2022-07-13,574.8424
2022-07-14,576.8454
2022-07-15,571.8503
2022-07-16,571.8112
2022-07-17,571.7721
2022-07-18,570.6164
2022-07-19,579.3375
2022-07-20,577.8275
2022-07-21,584.1985
2022-07-22,585.9352
2022-07-23,585.8937
2022-07-24,585.8522
2022-07-25,587.6517
2022-07-26,583.5257
2022-07-27,589.1972
2022-07-28,590.0482
2022-07-29,589.9689
2022-07-30,589.9272
2022-07-31,589.8855
2022-08-01,589.77
2022-08-02,588.6249
2022-08-03,583.8307
2022-08-04,580.2712
2022-08-05,584.4419
2022-08-06,584.3995
2022-08-07,584.3571
2022-08-08,589.6617
2022-08-09,586.9438
2022-08-10,590.9967
2022-08-11,596.8833
2022-08-12,604.5253
2022-08-13,604.483
2022-08-14,604.4407
2022-08-15,604.3984
2022-08-16,603.4534
2022-08-17,605.4727
2022-08-18,598.7665
2022-08-19,592.8528
2022-08-20,592.8133
2022-08-21,592.7738
2022-08-22,598.0481
2022-08-23,602.1322
2022-08-24,606.4678
2022-08-25,611.3225
2022-08-26,611.1919
2022-08-27,611.1462
2022-08-28,611.1005
2022-08-29,616.4769
2022-08-30,618.5604
2022-08-31,607.8808
2022-09-01,602.8161
2022-09-02,630.0903
2022-09-03,630.0487
2022-09-04,630.0071
2022-09-05,643.9386
2022-09-06,624.7732
2022-09-07,617.2677
2022-09-08,614.5497
2022-09-09,625.0257
2022-09-10,624.9823
2022-09-11,624.9389
2022-09-12,623.1417
2022-09-13,621.3524
2022-09-14,624.539
2022-09-15,614.9031
2022-09-16,614.8585
2022-09-17,614.8139
2022-09-18,614.7693
2022-09-19,614.7248
2022-09-20,594.3833
2022-09-21,597.5036
2022-09-22,590.1228
2022-09-23,579.4497
2022-09-24,579.4077
2022-09-25,579.3656
2022-09-26,576.1716
2022-09-27,576.3396
2022-09-28,567.3484
2022-09-29,560.1286
2022-09-30,568.7744
2022-10-01,568.7349
2022-10-02,568.6955
2022-10-03,571.8886
2022-10-04,583.5013
2022-10-05,577.1957
2022-10-06,574.3489
2022-10-07,562.8429
2022-10-08,562.801
2022-10-09,562.7591
2022-10-10,562.7172
2022-10-11,552.6457
2022-10-12,546.8439
2022-10-13,549.4965
2022-10-14,550.7121
2022-10-15,550.6712
2022-10-16,550.6302
2022-10-17,564.9772
2022-10-18,567.1201
2022-10-19,562.8087
2022-10-20,568.4734
2022-10-21,569.3185
2022-10-22,569.2777
2022-10-23,569.2369
2022-10-24,564.8678
2022-10-25,571.0219
2022-10-26,569.5478
2022-10-27,573.4854
2022-10-28,573.9255
2022-10-29,573.8827
2022-10-30,573.8399
2022-10-31,573.7971
2022-11-01,573.7542
2022-11-02,573.8026
2022-11-03,572.1815
2022-11-04,576.5021
2022-11-05,576.4591
2022-11-06,576.4161
2022-11-07,583.9965
2022-11-08,596.2078
2022-11-09,590.0493
2022-11-10,588.8186
2022-11-11,590.0093
2022-11-12,589.9657
2022-11-13,589.9221
2022-11-14,584.5754
2022-11-15,577.5916
2022-11-16,576.5975
2022-11-17,570.186
2022-11-18,572.8296
2022-11-19,572.7867
2022-11-20,572.7438
2022-11-21,585.4022
2022-11-22,583.3924
2022-11-23,579.6333
2022-11-24,581.0019
2022-11-25,578.3098
2022-11-26,578.2669
2022-11-27,578.224
2022-11-28,573.5744
2022-11-29,577.625
2022-11-30,581.7246
2022-12-01,580.5483
2022-12-02,582.2656
2022-12-03,582.2223
2022-12-04,582.1789
2022-12-05,580.3173
2022-12-06,576.4761
2022-12-07,572.3094
2022-12-08,572.2667
2022-12-09,571.1099
2022-12-10,571.0673
2022-12-11,571.0247
2022-12-12,576.5604
2022-12-13,573.2391
2022-12-14,570.9917
2022-12-15,558.7882
2022-12-16,561.018
2022-12-17,560.9762
2022-12-18,560.9344
2022-12-19,565.6994
2022-12-20,574.4111
2022-12-21,572.386
2022-12-22,567.0621
2022-12-23,570.7734
2022-12-24,570.7337
2022-12-25,570.694
2022-12-26,566.9319
2022-12-27,564.1311
2022-12-28,566.0583
2022-12-29,569.3775
2022-12-30,570.6889
2022-12-31,570.6476
2023-01-01,570.6062
2023-01-02,570.5648
2023-01-03,556.9932
2023-01-04,552.0897
2023-01-05,555.582
2023-01-06,556.8889
2023-01-07,556.8481
2023-01-08,556.8073
2023-01-09,559.2704
2023-01-10,557.5531
2023-01-11,561.402
2023-01-12,563.6675
2023-01-13,558.7585
2023-01-14,558.7185
2023-01-15,558.6785
2023-01-16,558.5817
2023-01-17,560.6979
2023-01-18,566.407
2023-01-19,564.0153
2023-01-20,567.008
2023-01-21,566.9667
2023-01-22,566.9254
2023-01-23,575.0559
2023-01-24,569.0711
2023-01-25,569.2358
2023-01-26,577.2855
2023-01-27,578.7676
2023-01-28,578.7237
2023-01-29,578.6798
2023-01-30,577.1981
2023-01-31,575.4765
2023-02-01,573.8994
2023-02-02,574.4178
2023-02-03,574.4539
2023-02-04,574.4114
2023-02-05,574.369
2023-02-06,571.2432
2023-02-07,569.655
2023-02-08,575.8079
2023-02-09,578.7919
2023-02-10,582.5691
2023-02-11,582.5255
2023-02-12,582.4819
2023-02-13,579.6112
2023-02-14,575.9341
2023-02-15,583.6274
2023-02-16,588.6505
2023-02-17,575.4504
2023-02-18,575.4086
2023-02-19,575.3668
2023-02-20,575.5184
2023-02-21,568.0232
2023-02-22,567.6495
2023-02-23,573.4421
2023-02-24,575.4163
2023-02-25,575.374
2023-02-26,575.3317
2023-02-27,578.0003
2023-02-28,582.0005
2023-03-01,579.8124
2023-03-02,583.1808
2023-03-03,586.5882
2023-03-04,586.546
2023-03-05,586.5038
2023-03-06,585.1808
2023-03-07,582.5293
2023-03-08,583.8757
2023-03-09,583.2016
2023-03-10,581.3499
2023-03-11,581.3067
2023-03-12,581.2635
2023-03-13,575.1488
2023-03-14,571.0086
2023-03-15,560.0032
2023-03-16,560.1486
2023-03-17,550.8682
2023-03-18,550.8273
2023-03-19,550.7864
2023-03-20,557.1404
2023-03-21,571.0256
2023-03-22,567.9932
2023-03-23,561.8782
2023-03-24,559.0141
2023-03-25,558.9731
2023-03-26,558.9321
2023-03-27,559.8726
2023-03-28,558.4105
2023-03-29,565.6785
2023-03-30,565.1536
2023-03-31,566.7072
2023-04-01,566.6653
2023-04-02,566.6234
2023-04-03,564.9269
2023-04-04,554.7128
2023-04-05,555.5393
2023-04-06,559.5112
2023-04-07,559.468
2023-04-08,559.4248
2023-04-09,559.3816
2023-04-10,560.1074
2023-04-11,562.751
2023-04-12,567.5989
2023-04-13,568.8214
2023-04-14,574.2702
2023-04-15,574.2274
2023-04-16,574.1846
2023-04-17,579.7098
2023-04-18,580.1597
2023-04-19,574.7245
2023-04-20,571.9473
2023-04-21,553.826
2023-04-22,553.7841
2023-04-23,553.7422
2023-04-24,561.0062
2023-04-25,560.3145
2023-04-26,560.2829
2023-04-27,569.1511
2023-04-28,569.2393
2023-04-29,569.1978
2023-04-30,569.1563
2023-05-01,569.1149
2023-05-02,564.1655
2023-05-03,564.4491
2023-05-04,564.6273
2023-05-05,575.4527
2023-05-06,575.4092
2023-05-07,575.3657
2023-05-08,588.416
2023-05-09,581.9852
2023-05-10,580.2404
2023-05-11,581.8013
2023-05-12,580.6119
2023-05-13,580.5677
2023-05-14,580.5234
2023-05-15,580.6738
2023-05-16,582.7695
2023-05-17,581.315
2023-05-18,581.0215
2023-05-19,582.0307
2023-05-20,581.9871
2023-05-21,581.9435
2023-05-22,585.7658
2023-05-23,585.055
2023-05-24,579.6423
2023-05-25,570.4939
2023-05-26,563.7106
2023-05-27,563.6702
2023-05-28,563.6298
2023-05-29,562.509
2023-05-30,561.8718
2023-05-31,549.6973
2023-06-01,554.5758
2023-06-02,567.8368
2023-06-03,567.796
2023-06-04,567.7552
2023-06-05,567.6641
2023-06-06,573.604
2023-06-07,570.0632
2023-06-08,569.3646
2023-06-09,571.148
2023-06-10,571.1116
2023-06-11,571.0752
2023-06-12,571.261
2023-06-13,573.1188
2023-06-14,573.4871
2023-06-15,575.9931
2023-06-16,575.688
2023-06-17,575.6512
2023-06-18,575.6144
2023-06-19,577.0232
2023-06-20,579.8678
2023-06-21,579.832
2023-06-22,577.8035
2023-06-23,569.398
2023-06-24,569.362
2023-06-25,569.326
2023-06-26,569.29
2023-06-27,567.2091
2023-06-28,566.9619
2023-06-29,574.0398
2023-06-30,579.8142
2023-07-01,579.7701
2023-07-02,579.726
2023-07-03,586.3725
2023-07-04,590.3465
2023-07-05,584.3549
2023-07-06,580.0075
2023-07-07,594.9522
2023-07-08,594.9078
2023-07-09,594.8634
2023-07-10,595.7743
2023-07-11,599.9911
2023-07-12,608.2852
2023-07-13,606.4923
2023-07-14,613.3893
2023-07-15,613.3441
2023-07-16,613.2989
2023-07-17,619.9285
2023-07-18,628.73
2023-07-19,632.0416
2023-07-20,631.2788
2023-07-21,629.0385
2023-07-22,628.9946
2023-07-23,628.9507
2023-07-24,633.9031
2023-07-25,639.8557
2023-07-26,636.6292
2023-07-27,630.5503
2023-07-28,632.5343
2023-07-29,632.4912
2023-07-30,632.4481
2023-07-31,637.8834
2023-08-01,641.6308
2023-08-02,631.6266
2023-08-03,625.6332
2023-08-04,627.6122
2023-08-05,627.5677
2023-08-06,627.5232
2023-08-07,630.0338
2023-08-08,622.3291
2023-08-09,632.1987
2023-08-10,627.1051
2023-08-11,623.8025
2023-08-12,623.759
2023-08-13,623.7155
2023-08-14,619.5998
2023-08-15,619.5566
2023-08-16,619.2101
2023-08-17,611.0735
2023-08-18,611.21
2023-08-19,611.17
2023-08-20,611.13
2023-08-21,610.061
2023-08-22,613.5709
2023-08-23,616.625
2023-08-24,604.456
2023-08-25,602.1084
2023-08-26,602.0688
2023-08-27,602.0292
2023-08-28,600.3425
2023-08-29,603.2301
2023-08-30,600.0688
2023-08-31,598.1529
2023-09-01,596.8227
2023-09-02,596.7829
2023-09-03,596.7432
2023-09-04,596.0965
2023-09-05,589.8641
2023-09-06,587.6158
2023-09-07,585.3923
2023-09-08,583.7068
2023-09-09,583.6659
2023-09-10,583.625
2023-09-11,584.5986
2023-09-12,585.2528
2023-09-13,588.1125
2023-09-14,596.6225
2023-09-15,596.7288
2023-09-16,596.6856
2023-09-17,596.6424
2023-09-18,596.5992
2023-09-19,596.556
2023-09-20,589.7519
2023-09-21,582.2745
2023-09-22,579.6831
2023-09-23,579.6418
2023-09-24,579.6005
2023-09-25,575.2455
2023-09-26,572.9244
2023-09-27,572.8379
2023-09-28,578.8318
2023-09-29,579.6186
2023-09-30,579.5785
2023-10-01,579.5387
2023-10-02,571.7896
2023-10-03,564.8644
2023-10-04,566.1668
2023-10-05,557.8573
2023-10-06,562.127
2023-10-07,562.0878
2023-10-08,562.0486
2023-10-09,562.0094
2023-10-10,574.1074
2023-10-11,574.0053
2023-10-12,575.8472
2023-10-13,573.59
2023-10-14,573.5502
2023-10-15,573.5104
2023-10-16,580.9599
2023-10-17,584.6572
2023-10-18,575.23
2023-10-19,567.0013
2023-10-20,558.7937
2023-10-21,558.755
2023-10-22,558.7163
2023-10-23,546.0572
2023-10-24,551.3698
2023-10-25,547.1861
2023-10-26,552.1103
2023-10-27,552.0725
2023-10-28,552.0347
2023-10-29,551.9969
2023-10-30,538.6373
2023-10-31,536.0477
2023-11-01,536.0101
2023-11-02,541.2105
2023-11-03,556.878
2023-11-04,556.8373
2023-11-05,556.7966
2023-11-06,552.3246
2023-11-07,559.6114
2023-11-08,559.3009
2023-11-09,556.6409
2023-11-10,555.4244
2023-11-11,555.3836
2023-11-12,555.3428
2023-11-13,565.9499
2023-11-14,564.4477
2023-11-15,570.6204
2023-11-16,565.5301
2023-11-17,569.5716
2023-11-18,569.5283
2023-11-19,569.485
2023-11-20,576.4114
2023-11-21,571.2855
2023-11-22,572.2601
2023-11-23,572.8682
2023-11-24,569.8221
2023-11-25,569.7777
2023-11-26,569.7333
2023-11-27,567.7842
2023-11-28,569.627
2023-11-29,570.999
2023-11-30,573.4773
2023-12-01,580.1679
2023-12-02,580.124
2023-12-03,580.0801
2023-12-04,573.8261
2023-12-05,581.697
2023-12-06,583.1458
2023-12-07,588.0765
2023-12-08,588.0339
2023-12-09,587.9913
2023-12-10,587.9488
2023-12-11,579.476
2023-12-12,582.2322
2023-12-13,592.6691
2023-12-14,604.0503
2023-12-15,602.2051
2023-12-16,602.1623
2023-12-17,602.1195
2023-12-18,593.6756
2023-12-19,594.5058
2023-12-20,595.4784
2023-12-21,598.7458
2023-12-22,603.1829
2023-12-23,603.1387
2023-12-24,603.0945
2023-12-25,603.0503
2023-12-26,609.2671
2023-12-27,607.5965
2023-12-28,612.2038
2023-12-29,607.1241
2023-12-30,607.0796
2023-12-31,607.0358
2024-01-01,606.9917
2024-01-02,608.2367
2024-01-03,601.2484
2024-01-04,595.0279
2024-01-05,592.1965
2024-01-06,592.1535
2024-01-07,592.1105
2024-01-08,592.913
2024-01-09,597.8669
2024-01-10,592.055
2024-01-11,589.377
2024-01-12,583.4579
2024-01-13,583.4156
2024-01-14,583.3733
2024-01-15,585.9884
2024-01-16,583.4901
2024-01-17,576.8727
2024-01-18,573.382
2024-01-19,571.0891
2024-01-20,571.0479
2024-01-21,571.0066
2024-01-22,578.104
2024-01-23,582.2896
2024-01-24,591.2799
2024-01-25,584.1944
2024-01-26,590.8362
2024-01-27,590.7933
2024-01-28,590.7504
2024-01-29,591.2925
2024-01-30,582.1228
2024-01-31,583.6861
2024-02-01,589.8868
2024-02-02,584.3195
2024-02-03,584.2783
2024-02-04,584.2371
2024-02-05,585.232
2024-02-06,585.181
2024-02-07,585.6315
2024-02-08,584.7091
2024-02-09,587.7044
2024-02-10,587.6618
2024-02-11,587.6192
2024-02-12,594.1937
2024-02-13,586.7165
2024-02-14,592.4131
2024-02-15,602.5451
2024-02-16,616.8821
2024-02-17,616.839
2024-02-18,616.7959
2024-02-19,621.1823
2024-02-20,617.8963
2024-02-21,608.4095
2024-02-22,607.0292
2024-02-23,602.3258
2024-02-24,602.2842
2024-02-25,602.2426
2024-02-26,604.0144
2024-02-27,614.9959
2024-02-28,617.1133
2024-02-29,627.2832
2024-03-01,630.2761
2024-03-02,630.2299
2024-03-03,630.1837
2024-03-04,616.5235
2024-03-05,608.4138
2024-03-06,617.0537
2024-03-07,617.9435
2024-03-08,615.9695
2024-03-09,615.9232
2024-03-10,615.8769
2024-03-11,623.4449
2024-03-12,631.6559
2024-03-13,630.5353
2024-03-14,627.4748
2024-03-15,627.8754
2024-03-16,627.8284
2024-03-17,627.7814
2024-03-18,626.8329
2024-03-19,623.1013
2024-03-20,631.1708
2024-03-21,629.6299
2024-03-22,632.5445
2024-03-23,632.498
2024-03-24,632.4515
2024-03-25,630.2667
2024-03-26,632.7119
2024-03-27,640.1684
2024-03-28,639.1773
2024-03-29,639.1289
2024-03-30,639.0805
2024-03-31,639.0321
2024-04-01,638.417
2024-04-02,637.9934
2024-04-03,636.2753
2024-04-04,632.343
2024-04-05,626.2002
2024-04-06,626.1513
2024-04-07,626.1024
2024-04-08,634.8299
2024-04-09,639.8522
2024-04-10,641.6725
2024-04-11,645.3107
2024-04-12,629.6477
2024-04-13,629.5993
2024-04-14,629.5509
2024-04-15,621.3833
2024-04-16,616.619
2024-04-17,618.9808
2024-04-18,618.5194
2024-04-19,610.2479
2024-04-20,610.2031
2024-04-21,610.1583
2024-04-22,610.995
2024-04-23,619.8348
2024-04-24,608.0916
2024-04-25,603.1066
2024-04-26,610.8051
2024-04-27,610.7586
2024-04-28,610.7121
2024-04-29,625.5895
2024-04-30,620.5378
2024-05-01,620.4936
2024-05-02,619.1055
2024-05-03,624.8653
2024-05-04,624.8206
2024-05-05,624.7759
2024-05-06,618.8359
2024-05-07,628.3622
2024-05-08,631.9402
2024-05-09,629.5869
2024-05-10,629.7197
2024-05-11,629.673
2024-05-12,629.6263
2024-05-13,634.8222
2024-05-14,637.6309
2024-05-15,635.9957
2024-05-16,629.2164
2024-05-17,629.0177
2024-05-18,628.9727
2024-05-19,628.9277
2024-05-20,632.2676
2024-05-21,632.2225
2024-05-22,634.7299
2024-05-23,638.3221
2024-05-24,633.101
2024-05-25,633.057
2024-05-26,633.0131
2024-05-27,636.2697
2024-05-28,632.818
2024-05-29,623.9777
2024-05-30,619.3351
2024-05-31,619.4274
2024-06-01,619.3821
2024-06-02,619.3368
2024-06-03,617.5512
2024-06-04,615.9438
2024-06-05,620.5515
2024-06-06,623.5629
2024-06-07,618.7203
2024-06-08,618.676
2024-06-09,618.6317
2024-06-10,617.0989
2024-06-11,609.403
2024-06-12,608.7675
2024-06-13,604.0829
2024-06-14,607.0327
2024-06-15,606.9893
2024-06-16,606.9459
2024-06-17,605.8098
2024-06-18,609.1401
2024-06-19,613.5156
2024-06-20,613.4712
2024-06-21,603.8875
2024-06-22,603.8459
2024-06-23,603.8044
2024-06-24,604.0219
2024-06-25,596.4721
2024-06-26,605.7175
2024-06-27,604.9683
2024-06-28,596.5196
2024-06-29,596.4769
2024-06-30,596.4342
2024-07-01,595.7413
2024-07-02,593.7018
2024-07-03,607.311
2024-07-04,607.1532
2024-07-05,602.6395
2024-07-06,602.595
2024-07-07,602.5506
2024-07-08,605.9538
2024-07-09,601.2463
2024-07-10,600.926
2024-07-11,608.0787
2024-07-12,608.5336
2024-07-13,608.4878
2024-07-14,608.442
2024-07-15,609.9128
2024-07-16,609.867
2024-07-17,610.0245
2024-07-18,610.7087
2024-07-19,609.0092
2024-07-20,608.9633
2024-07-21,608.9175
2024-07-22,612.7789
2024-07-23,608.1655
2024-07-24,604.6407
2024-07-25,597.8433
2024-07-26,596.97
2024-07-27,596.9249
2024-07-28,596.8798
2024-07-29,601.7786
2024-07-30,599.8733
2024-07-31,597.4736
2024-08-01,595.3664
2024-08-02,585.8686
2024-08-03,585.8257
2024-08-04,585.7828
2024-08-05,565.4166
2024-08-06,572.7993
2024-08-07,574.0519
2024-08-08,583.2613
2024-08-09,585.7484
2024-08-10,585.7073
2024-08-11,585.6662
2024-08-12,586.0877
2024-08-13,590.0197
2024-08-14,592.9871
2024-08-15,592.9473
2024-08-16,597.7682
2024-08-17,597.7264
2024-08-18,597.6846
2024-08-19,597.7134
2024-08-20,600.6387
2024-08-21,601.0039
2024-08-22,599.1989
2024-08-23,597.9427
2024-08-24,597.899
2024-08-25,597.8553
2024-08-26,595.8746
2024-08-27,590.0538
2024-08-28,590.5692
2024-08-29,596.3042
2024-08-30,597.3362
2024-08-31,597.2914
2024-09-01,597.2466
2024-09-02,596.8583
2024-09-03,590.4462
2024-09-04,590.5714
2024-09-05,587.9663
2024-09-06,577.1906
2024-09-07,577.1476
2024-09-08,577.1046
2024-09-09,575.8239
2024-09-10,574.1843
2024-09-11,582.1545
2024-09-12,585.924
2024-09-13,586.6301
2024-09-14,586.5866
2024-09-15,586.5431
2024-09-16,586.0856
2024-09-17,584.6495
2024-09-18,584.6063
2024-09-19,584.563
2024-09-20,584.5198
2024-09-21,584.4766
2024-09-22,584.4334
2024-09-23,588.2273
2024-09-24,595.11
2024-09-25,594.2319
2024-09-26,602.1464
2024-09-27,602.1698
2024-09-28,602.1242
2024-09-29,602.0786
2024-09-30,598.3186
2024-10-01,594.4217
2024-10-02,589.1528
2024-10-03,588.9007
2024-10-04,597.2284
2024-10-05,597.1861
2024-10-06,597.1438
2024-10-07,596.5759
2024-10-08,598.1289
2024-10-09,602.5495
2024-10-10,605.9467
2024-10-11,605.3689
2024-10-12,605.3242
2024-10-13,605.2795
2024-10-14,605.1477
2024-10-15,603.9063
2024-10-16,602.3614
2024-10-17,604.961
2024-10-18,611.5784
2024-10-19,611.5338
2024-10-20,611.4892
2024-10-21,613.7966
2024-10-22,614.0744
2024-10-23,615.0778
2024-10-24,618.7073
2024-10-25,621.2655
2024-10-26,621.2207
2024-10-27,621.1759
2024-10-28,619.3686
2024-10-29,613.5276
2024-10-30,602.1799
2024-10-31,602.137
2024-11-01,602.0941
2024-11-02,602.0512
2024-11-03,602.0083
2024-11-04,609.3238
2024-11-05,599.7266
2024-11-06,604.6163
2024-11-07,602.8999
2024-11-08,599.0066
2024-11-09,598.9657
2024-11-10,598.9248
2024-11-11,600.673
2024-11-12,597.8617
2024-11-13,602.3789
2024-11-14,595.0662
2024-11-15,599.4097
2024-11-16,599.3651
2024-11-17,599.3205
2024-11-18,600.679
2024-11-19,601.2729
2024-11-20,603.0993
2024-11-21,604.5538
2024-11-22,601.8483
2024-11-23,601.8041
2024-11-24,601.7599
2024-11-25,600.3193
2024-11-26,601.1088
2024-11-27,602.9662
2024-11-28,603.4588
2024-11-29,602.4298
2024-11-30,602.3838
2024-12-01,602.3379
2024-12-02,608.101
2024-12-03,607.1327
2024-12-04,607.2048
2024-12-05,609.7048
2024-12-06,608.6083
2024-12-07,608.5616
2024-12-08,608.5149
2024-12-09,614.4431
2024-12-10,614.8998
2024-12-11,615.8952
2024-12-12,619.5738
2024-12-13,617.6315
2024-12-14,617.5857
2024-12-15,617.5399
2024-12-16,620.3878
2024-12-17,614.0381
2024-12-18,614.0766
2024-12-19,611.1437
2024-12-20,610.6399
2024-12-21,610.5954
2024-12-22,610.551
2024-12-23,607.2234
2024-12-24,608.6135
2024-12-25,608.5689
2024-12-26,609.5214
2024-12-27,610.4629
2024-12-28,610.4178
2024-12-29,610.3727
2024-12-30,610.6678
2024-12-31,610.623
2025-01-01,610.5781
2025-01-02,608.0021
2025-01-03,609.6677
2025-01-04,609.6218
2025-01-05,609.5759
2025-01-06,616.7418
2025-01-07,619.1002
2025-01-08,614.8608
2025-01-09,618.4092
2025-01-10,619.1711
2025-01-11,619.1248
2025-01-12,619.0785
2025-01-13,613.9131
2025-01-14,619.9079
2025-01-15,626.6626
2025-01-16,631.8092
2025-01-17,631.8568
2025-01-18,631.8109
2025-01-19,631.765
2025-01-20,636.3262
2025-01-21,638.846
2025-01-22,637.7619
2025-01-23,639.8443
2025-01-24,641.0929
2025-01-25,641.0447
2025-01-26,640.9965
2025-01-27,637.2821
2025-01-28,637.8292
2025-01-29,642.6697
2025-01-30,654.7316
2025-01-31,650.8003
2025-02-01,650.7505
2025-02-02,650.7007
2025-02-03,651.1133
2025-02-04,656.8439
2025-02-05,657.2329
2025-02-06,659.6699
2025-02-07,658.1618
2025-02-08,658.1104
2025-02-09,658.059
2025-02-10,658.8601
2025-02-11,657.3006
2025-02-12,657.6401
2025-02-13,661.7517
2025-02-14,664.5057
2025-02-15,664.4535
2025-02-16,664.4013
2025-02-17,659.2386
2025-02-18,658.6634
2025-02-19,657.1243
2025-02-20,660.7895
2025-02-21,659.7639
2025-02-22,659.7122
2025-02-23,659.6605
2025-02-24,659.5724
2025-02-25,659.935
2025-02-26,663.083
2025-02-27,666.8174
2025-02-28,661.2855
2025-03-01,661.2341
2025-03-02,661.1827
2025-03-03,662.2962
2025-03-04,659.4618
2025-03-05,661.1534
2025-03-06,664.4684
2025-03-07,664.8828
2025-03-08,664.8435
2025-03-09,664.8042
2025-03-10,664.0915
2025-03-11,663.6757
2025-03-12,665.9095
2025-03-13,671.1115
2025-03-14,676.3765
2025-03-15,676.3235
2025-03-16,676.2705
2025-03-17,684.5364
2025-03-18,683.0311
2025-03-19,683.8348
2025-03-20,682.0186
2025-03-21,682.9243
2025-03-22,682.8713
2025-03-23,682.8183
2025-03-24,686.9564
2025-03-25,684.5529
2025-03-26,683.3373
2025-03-27,682.3454
2025-03-28,685.9148
2025-03-29,685.8615
2025-03-30,685.8082
2025-03-31,681.6171
2025-04-01,684.8683
2025-04-02,685.9834
2025-04-03,687.7467
2025-04-04,668.3745
2025-04-05,668.3264
2025-04-06,668.2783
2025-04-07,645.6936
2025-04-08,637.6613
2025-04-09,663.9181
2025-04-10,655.1136
2025-04-11,660.2082
2025-04-12,660.163
2025-04-13,660.1177
2025-04-14,672.8225
2025-04-15,683.6681
2025-04-16,685.0022
2025-04-17,694.1439
2025-04-18,694.0895
2025-04-19,694.0351
2025-04-20,693.9807
2025-04-21,688.2565
2025-04-22,692.5046
2025-04-23,702.0471
2025-04-24,708.7436
2025-04-25,708.0697
2025-04-26,708.0132
2025-04-27,707.9567
2025-04-28,707.1626
2025-04-29,710.5784
2025-04-30,708.3828
2025-05-01,708.3279
2025-05-02,707.95
2025-05-03,707.8939
2025-05-04,707.8378
2025-05-05,706.058
2025-05-06,709.6576
2025-05-07,718.1548
2025-05-08,715.7963
2025-05-09,721.8034
2025-05-10,721.747
2025-05-11,721.6906
2025-05-12,729.8114
2025-05-13,733.4833
2025-05-14,742.2582
2025-05-15,736.67
2025-05-16,733.2606
2025-05-17,733.2039
2025-05-18,733.1472
2025-05-19,733.6139
2025-05-20,735.846
2025-05-21,735.7882
2025-05-22,731.2721
2025-05-23,731.3941
2025-05-24,731.3366
2025-05-25,731.2791
2025-05-26,730.4102
2025-05-27,727.0272
2025-05-28,717.3229
2025-05-29,711.3227
2025-05-30,698.7928
2025-05-31,698.7387
2025-06-01,698.6845
2025-06-02,698.7422
2025-06-03,704.1913
2025-06-04,709.141
2025-06-05,706.9569
2025-06-06,709.0236
2025-06-07,708.9691
2025-06-08,708.9147
2025-06-09,709.0738
2025-06-10,713.7963
2025-06-11,721.8527
2025-06-12,717.3675
2025-06-13,712.1676
2025-06-14,712.1132
2025-06-15,712.0588
2025-06-16,708.1243
2025-06-17,701.6812
2025-06-18,701.2061
2025-06-19,700.3492
2025-06-20,700.2961
2025-06-21,700.243
2025-06-22,700.1899
2025-06-23,695.9741
2025-06-24,706.2179
2025-06-25,705.5293
2025-06-26,708.6159
2025-06-27,711.6857
2025-06-28,711.6313
2025-06-29,711.5769
2025-06-30,714.4993
2025-07-01,711.3579
2025-07-02,716.2091
2025-07-03,718.0253
2025-07-04,717.5373
2025-07-05,717.4841
2025-07-06,717.4309
2025-07-07,714.9014
2025-07-08,720.0633
2025-07-09,721.1008
2025-07-10,722.2682
2025-07-11,712.5442
2025-07-12,712.4913
2025-07-13,712.4384
2025-07-14,712.5336
2025-07-15,705.5129
2025-07-16,705.46
2025-07-17,710.4187
2025-07-18,708.1362
2025-07-19,708.0825
2025-07-20,708.0287
2025-07-21,702.8408
2025-07-22,702.2428
2025-07-23,704.0531
2025-07-24,704.093
2025-07-25,710.9156
2025-07-26,710.8611
2025-07-27,710.8065
2025-07-28,698.0197
2025-07-29,702.0464
2025-07-30,701.9923
2025-07-31,707.4831
2025-08-01,705.2964
2025-08-02,705.2435
2025-08-03,705.1906
2025-08-04,709.3001
2025-08-05,707.9956
2025-08-06,712.4374
2025-08-07,722.0872
2025-08-08,735.8713
2025-08-09,735.8159
2025-08-10,735.7606
2025-08-11,741.8547
2025-08-12,741.2962
2025-08-13,754.2061
2025-08-14,754.2797
2025-08-15,754.2211
2025-08-16,754.1625
2025-08-17,754.1039
2025-08-18,761.6342
2025-08-19,753.8195
2025-08-20,749.1513
2025-08-21,752.6532
2025-08-22,763.4518
2025-08-23,763.3921
2025-08-24,763.3324
2025-08-25,765.7013
2025-08-26,760.7739
2025-08-27,765.6682
2025-08-28,768.7432
2025-08-29,766.8682
2025-08-30,766.809
2025-08-31,766.7498
2025-09-01,768.5923
2025-09-02,774.5097
2025-09-03,780.5776
2025-09-04,790.1717
2025-09-05,793.1549
2025-09-06,793.0969
2025-09-07,793.0389
2025-09-08,782.5262
2025-09-09,773.5214
2025-09-10,772.4713
2025-09-11,787.7046
2025-09-12,773.7856
2025-09-13,773.7252
2025-09-14,773.6648
2025-09-15,782.1011
2025-09-16,779.931
2025-09-17,774.8431
2025-09-18,774.7824
2025-09-19,774.7217
2025-09-20,774.661
2025-09-21,774.6003
2025-09-22,783.9919
2025-09-23,786.4901
2025-09-24,783.6856
2025-09-25,777.2006
2025-09-26,775.6773
2025-09-27,775.6166
2025-09-28,775.5559
2025-09-29,773.4775
2025-09-30,770.8442
2025-10-01,768.1
2025-10-02,764.6505
2025-10-03,763.7833
2025-10-04,763.7279
2025-10-05,763.6725
2025-10-06,758.6404
2025-10-07,758.3709
2025-10-08,765.1282
2025-10-09,757.2883
2025-10-10,744.9844
2025-10-11,744.9292
2025-10-12,744.874
2025-10-13,755.0046
2025-10-14,773.1807
2025-10-15,781.6183
2025-10-16,781.5251
2025-10-17,782.9949
2025-10-18,782.9373
2025-10-19,782.8797
2025-10-20,785.1813
2025-10-21,781.2669
2025-10-22,776.4962
2025-10-23,784.1504
2025-10-24,787.0712
2025-10-25,787.0121
2025-10-26,786.953
2025-10-27,788.8798
2025-10-28,790.9201
2025-10-29,798.942
2025-10-30,807.6354
2025-10-31,807.5735
2025-11-01,807.5111
2025-11-02,807.4487
2025-11-03,814.4388
2025-11-04,798.216
2025-11-05,807.4879
2025-11-06,809.7668
2025-11-07,822.1482
2025-11-08,822.086
2025-11-09,822.0238
2025-11-10,826.6715
2025-11-11,830.9217
2025-11-12,846.5096
2025-11-13,830.7634
2025-11-14,821.5248
2025-11-15,821.4645
2025-11-16,821.4042
2025-11-17,847.1062
2025-11-18,838.9179
2025-11-19,844.346
2025-11-20,838.0443
2025-11-21,839.9969
2025-11-22,839.9366
2025-11-23,839.8763
2025-11-24,837.7972
2025-11-25,850.4283
2025-11-26,854.4218
2025-11-27,860.6517
2025-11-28,864.8913
2025-11-29,864.8294
2025-11-30,864.7675
2025-12-01,866.0221
2025-12-02,865.7765
2025-12-03,868.2344
2025-12-04,868.4597
2025-12-05,871.9426
2025-12-06,871.8815
2025-12-07,871.8204
2025-12-08,871.7593
2025-12-09,868.0583
2025-12-10,867.166
2025-12-11,883.5139
2025-12-12,886.2307
2025-12-13,886.169
2025-12-14,886.1073
2025-12-15,877.7184
2025-12-16,867.9702
2025-12-17,863.3231
2025-12-18,867.6888
2025-12-19,876.9587
2025-12-20,876.8969
2025-12-21,876.8351
2025-12-22,883.9875
2025-12-23,883.013
2025-12-24,881.5295
2025-12-25,881.4666
2025-12-26,889.5655
2025-12-27,889.5023
2025-12-28,889.4391
2025-12-29,892.6151
2025-12-30,889.1368
2025-12-31,889.0726
2026-01-01,889.0076
2026-01-02,884.4695
2026-01-03,884.405
2026-01-04,884.3405
2026-01-05,906.7203
2026-01-06,926.4978
2026-01-07,922.1088
2026-01-08,925.3655
2026-01-09,926.4045
2026-01-10,926.3374
2026-01-11,926.2703
2026-01-12,937.8045
2026-01-13,953.6841
2026-01-14,950.6933
2026-01-15,939.4917
2026-01-16,945.1934
2026-01-17,945.1298
2026-01-18,945.0661
2026-01-19,943.8711
2026-01-20,945.1531
2026-01-21,953.2306
2026-01-22,974.4438
2026-01-23,973.3215
2026-01-24,973.2551
2026-01-25,973.1887
2026-01-26,977.0224
2026-01-27,983.7077
2026-01-28,983.7486
2026-01-29,974.876
2026-01-30,966.1388
2026-01-31,966.0687
2026-02-01,965.9987
2026-02-02,971.1516
2026-02-03,981.7871
2026-02-04,966.2112
2026-02-05,951.4183
2026-02-06,947.9027
2026-02-07,947.836
2026-02-08,947.7693
2026-02-09,951.0588
2026-02-10,930.6178
2026-02-11,948.1425
2026-02-12,927.5792
2026-02-13,921.0079
2026-02-14,920.9455
2026-02-15,920.8831
2026-02-16,921.9884
2026-02-17,920.2932
2026-02-18,917.8855
2026-02-19,913.2175
2026-02-20,916.9639
2026-02-21,916.9006
2026-02-22,916.8373
2026-02-23,922.5259
2026-02-24,928.2389
2026-02-25,940.1166
2026-02-26,932.9924
2026-02-27,918.4362
2026-02-28,918.3695
2026-03-01,918.3027
2026-03-02,890.5335
2026-03-03,865.1423
2026-03-04,885.8164
2026-03-05,869.1334
2026-03-06,870.423
2026-03-07,870.3603
2026-03-08,870.2977
2026-03-09,879.8959
2026-03-10,894.6579
2026-03-11,886.2265
2026-03-12,877.2677
2026-03-13,882.8404
2026-03-14,882.78
2026-03-15,882.7196
2026-03-16,892.6092
2026-03-17,895.601
2026-03-18,895.4378
2026-03-19,883.0561
2026-03-20,866.4904
2026-03-21,866.4284
2026-03-22,866.3664
2026-03-23,868.2804
2026-03-24,860.2897
2026-03-25,877.2686
2026-03-26,869.9152
2026-03-27,871.5231
2026-03-28,871.4589
2026-03-29,871.3947
2026-03-30,871.4024
2026-03-31,889.83
2026-04-01,907.7964
2026-04-02,896.6138
2026-04-03,896.5464
2026-04-04,896.479
2026-04-05,896.4116
2026-04-06,892.7155
2026-04-07,877.8966
2026-04-08,906.1188
2026-04-09,912.7738
2026-04-10,922.5304
2026-04-11,922.4628
2026-04-12,922.3952
2026-04-13,927.0019
2026-04-14,943.8349
2026-04-15,941.9217
2026-04-16,955.4256
2026-04-17,951.3692
2026-04-18,951.2994
2026-04-19,951.2296
2026-04-20,942.9173
2026-04-21,924.9847
2026-04-22,914.4221
2026-04-23,913.5218
2026-04-24,928.2376
2026-04-25,928.1703
2026-04-26,928.103
2026-04-27,924.4275
2026-04-28,905.7459
2026-04-29,901.3499
2026-04-30,904.8252
2026-05-01,904.7583
2026-05-02,904.6914
2026-05-03,904.6245
2026-05-04,889.0352
2026-05-05,886.8154
2026-05-06,904.015
2026-05-07,898.5274
2026-05-08,889.0687
2026-05-09,889.0054
2026-05-10,888.9421
2026-05-11,884.1441
2026-05-12,878.8051
2026-05-13,858.7104
2026-05-14,862.0866
2026-05-15,855.6285
2026-05-16,855.5697
2026-05-17,855.5109
2026-05-18,859.2607
2026-05-19,849.6355
2026-05-20,867.3857
2026-05-21,867.325
2026-05-22,864.4163
2026-05-23,864.3554
2026-05-24,864.2945
2026-05-25,885.715
2026-05-26,879.2336
2026-05-27,886.2738
2026-05-28,890.4869
2026-05-29,881.498
2026-05-30,881.437
2026-05-31,881.3759
2026-06-01,868.0207
2026-06-02,855.1393
2026-06-03,846.1461
2026-06-04,841.2187
2026-06-05,838.6338
2026-06-06,838.5734
2026-06-07,838.513
2026-06-08,829.5376
2026-06-09,856.9763
2026-06-10,853.0364
2026-06-11,876.3929
2026-06-12,891.1872
2026-06-13,891.1224
2026-06-14,891.0576
2026-06-15,887.4055
2026-06-16,889.3452
2026-06-17,881.7752
2026-06-18,883.7848
2026-06-19,887.9083
2026-06-20,887.8418
2026-06-21,887.7753
2026-06-22,888.6868
2026-06-23,877.9478
2026-06-24,870.1914
2026-06-25,872.6656
2026-06-26,877.221
2026-06-27,877.1565
2026-06-28,877.092
2026-06-29,877.0275
2026-06-30,883.2163
2026-07-01,880.8842
2026-07-02,879.3792
2026-07-03,881.5023
2026-07-04,881.4377
2026-07-05,881.3731
2026-07-06,886.0159
2026-07-07,897.8477
2026-07-08,891.4209
2026-07-09,897.7094
2026-07-10,900.2139
2026-07-11,900.1516
2026-07-12,900.0893
2026-07-13,889.522
2026-07-14,897.2958
2026-07-15,890.9936
2026-07-16,890.9303
2026-07-17,886.016
2026-07-18,885.9532
2026-07-19,885.8904
2026-07-20,886.68
2026-07-21,891.1415
2026-07-22,895.556
2026-07-23,887.7386
2026-07-24,890.6699
2026-07-25,890.6038
2026-07-26,890.5377
2026-07-27,891.4378
2026-07-28,884.6295
2026-07-29,889.1518
2026-07-30,896.8057
2026-07-31,895.6033
2026-08-01,895.5377
2026-08-02,895.4721
2026-08-03,898.0634
2026-08-04,893.6821
2026-08-05,906.6949
2026-08-06,916.1567
2026-08-07,914.5545
2026-08-08,914.488
2026-08-09,914.4215
2026-08-10,915.3702
2026-08-11,903.919
2026-08-12,892.046
2026-08-13,893.3818
2026-08-14,896.7702
2026-08-15,896.7047
2026-08-16,896.6392
2026-08-17,905.1041
2026-08-18,908.179
2026-08-19,912.5523
2026-08-20,912.2657
2026-08-21,920.2931
2026-08-22,920.2284
2026-08-23,920.1637
2026-08-24,936.2807
2026-08-25,929.1454
2026-08-26,922.4695
2026-08-27,930.3639
2026-08-28,928.3205
2026-08-29,928.2512
2026-08-30,928.1818
2026-08-31,918.1874
2026-09-01,923.877
2026-09-02,937.5733
2026-09-03,931.2904
2026-09-04,929.0737
2026-09-05,929.005
2026-09-06,928.9363
2026-09-07,928.7781
2026-09-08,925.6802
2026-09-09,922.1074
2026-09-10,911.6082
2026-09-11,907.7415
2026-09-12,907.6744
2026-09-13,907.6073
2026-09-14,917.1555
2026-09-15,915.2352
2026-09-16,908.2038
2026-09-17,919.7824
2026-09-18,919.7134
2026-09-19,919.6444
2026-09-20,919.5754
2026-09-21,917.6035
2026-09-22,923.1016
2026-09-23,924.8535
2026-09-24,912.7442
2026-09-25,909.2235
2026-09-26,909.1575
2026-09-27,909.0916
2026-09-28,899.3825
2026-09-29,892.7862
